日付,勘定科目,品目,金額
2024-04-30,商品売上高（4111）,野菜等,522100.0
2024-04-30,商品売上高（4111）,温泉たまご,87410.0
2024-04-30,商品売上高（4111）,あら塩・灘の塩（食塩）,3230.0
2024-04-30,商品売上高（4111）,ドリンク類（トライアル）,13810.0
2024-04-30,商品売上高（4111）,ドリンク類（コスモス）,1600.0
2024-04-30,商品売上高（4111）,伊藤園お～いお茶・健康ミネラル麦茶ほか,107320.0
2024-04-30,商品売上高（4111）,黒糖・嬉野茶ドーナツ棒,25205.0
2024-04-30,商品売上高（4111）,白菜浅漬け・なす・きゅうりからし漬けの素,6340.0
2024-04-30,商品売上高（4111）,佐賀県産たまねぎスープ・海苔スープ・たまねぎチップ・佐賀牛ポテトチップ・明太子チップ,37220.0
2024-04-30,商品売上高（4111）,粉末うどん・ちゃんぽんスープ,3600.0
2024-04-30,商品売上高（4111）,天ぷら・ちくわほか,17790.0
2024-04-30,商品売上高（4111）,わさびドレッシング・こいくち醬油・カレー,24380.0
2024-04-30,商品売上高（4111）,やまや（明太高菜ほか）,26410.0
2024-04-30,商品売上高（4111）,いきさ屋（豆腐）,54085.0
2024-04-30,商品売上高（4111）,ミルン（ヨーグルト・チーズ・牛乳・シュークリーム）,17435.0
2024-04-30,商品売上高（4111）,ソフトクリーム・コーン,944830.0
2024-04-30,商品売上高（4111）,シンセイ商事（しょうが湯ほか）,6920.0
2024-04-30,商品売上高（4111）,キムチたけのこほか,11740.0
2024-04-30,商品売上高（4111）,キムチたけのこほか,1911425.0
2024-04-30,商品売上高（4111）,野菜袋（アサヒ）,31485.0
2024-04-30,商品売上高（4111）,中島潔グッズ,4025.0
2024-04-30,商品売上高（4111）,クロネコヤマト宅急便,10535.0
2024-04-30,商品売上高（4111）,宅配料コレクト,1725.0
2024-04-30,商品売上高（4111）,道の駅切符,3600.0
2024-04-30,商品売上高（4111）,連絡線記念指定券,1400.0
2024-04-30,商品売上高（4111）,道の駅スタンプブック,5760.0
2024-04-30,商品売上高（4111）,指定ごみ袋,20500.0
2024-04-30,商品売上高（4111）,粗大ごみ処理券,3680.0
2024-04-30,商品売上高（4111）,チオビタ・新グロモント（トライアル）,1700.0
2024-04-30,商品売上高（4111）,ソフトクリーム用カップ・スプーン,400.0
2024-04-30,商品売上高（4111）,ローソク・線香・マッチ・のし袋・ライター・紙コップ類,270.0
2024-04-30,商品売上高（4111）,アルミ保温保冷バッグ,1920.0
2024-04-30,商品売上高（4111）,レジ袋,13265.0
2024-04-30,商品売上高（4111）,あったか銀紙,100265.0
2024-04-30,手数料収入（4112）,風のふるさと館委託販売手数料,2420875.0
2024-04-30,その他の収入（4114）,バーコードラベル代金,30400.0
2024-04-30,その他の収入（4114）,テナント使用料,45250.0
2024-04-30,その他の収入（4114）,テナント電気料,29408.0
2024-04-30,その他の収入（4114）,テナント水道料,32470.0
2024-04-30,商品仕入高（5211）,野菜・・・辻青果,379640.0
2024-04-30,商品仕入高（5211）,たまご,42120.0
2024-04-30,商品仕入高（5211）,九州あら塩 ・・・九州ソルト佐賀支店,4320.0
2024-04-30,商品仕入高（5211）,ドリンク類（トライアル）・・・4月7日,6781.0
2024-04-30,商品仕入高（5211）,ドリンク類（トライアル）・・・4月21日,10798.0
2024-04-30,商品仕入高（5211）,ドリンク類（コスモス）・・・4月21日,1121.0
2024-04-30,商品仕入高（5211）,伊藤園お茶ほか・・・4月10日,21228.0
2024-04-30,商品仕入高（5211）,伊藤園お茶ほか・・・4月17日,15964.0
2024-04-30,商品仕入高（5211）,伊藤園お茶ほか・・・4月21日,45126.0
2024-04-30,商品仕入高（5211）,伊藤園お茶・・・4月24日,4561.0
2024-04-30,商品仕入高（5211）,伊藤園お茶ほか・・・5月2日,14398.0
2024-04-30,商品仕入高（5211）,粉末うどんちゃんぽんスープ・・・4月7日,2000.0
2024-04-30,商品仕入高（5211）,粉末うどんちゃんぽんスープ・・・4月21日,4000.0
2024-04-30,商品仕入高（5211）,たまねぎポテトチップほか・・・4月7日,26481.0
2024-04-30,商品仕入高（5211）,佐賀牛ポテトチップほか・・・4月28日,14191.0
2024-04-30,商品仕入高（5211）,浅漬けの素ほか・・・4月24日,9234.0
2024-04-30,商品仕入高（5211）,からし漬けの素・・・4月28日,4374.0
2024-04-30,商品仕入高（5211）,黒糖ドーナツ棒,24861.0
2024-04-30,商品仕入高（5211）,天ぷら・ちくわほか,16783.0
2024-04-30,商品仕入高（5211）,ブラックモンブランカレーほか・・・4月7日,15220.0
2024-04-30,商品仕入高（5211）,ブラックモンブランカレーほか・・・4月28日,22005.0
2024-04-30,商品仕入高（5211）,ジャージーミックスほか,636715.0
2024-04-30,商品仕入高（5211）,ミルン牛乳・ヨーグルトほか,15057.0
2024-04-30,商品仕入高（5211）,明太トースト・・・4月21日,6350.0
2024-04-30,商品仕入高（5211）,いきさ屋豆腐,41296.0
2024-04-30,商品仕入高（5211）,いきさ屋豆腐,1384624.0
2024-04-30,商品仕入高（5211）,野菜等袋代・・・アサヒ,94226.0
2024-04-30,商品仕入高（5211）,クロネコヤマト宅急便他運賃料,12430.0
2024-04-30,商品仕入高（5211）,ヤマト運輸振込手数料,330.0
2024-04-30,商品仕入高（5211）,ソフトクリーム用スプーン他,12760.0
2024-04-30,商品仕入高（5211）,アルミ保温保冷バッグ,1320.0
2024-04-30,商品仕入高（5211）,スタンプブック,30470.0
2024-04-30,商品仕入高（5211）,チオビタドリンク・・・4月7日,2895.0
2024-04-30,商品仕入高（5211）,チオビタドリンク・・・4月21日,5211.0
2024-04-30,商品仕入高（5211）,チオビタドリンク・・・4月21日,159642.0
2024-04-30,販売員給与（6111）,パート（９名）,870180.0
2024-04-30,広告宣伝費（6113）,きゅうらぎみんなの食堂協賛,450.0
2024-04-30,事業費（6116T）,こどもの日プレゼントお菓子代,15400.0
2024-04-30,その他の販売費（6117）,さよひめマルシェ出店料,1000.0
2024-04-30,役員報酬（6211）,役員給与（１名）,250000.0
2024-04-30,従業員給与（6212）,従業員給与（１名）,196500.0
2024-04-30,従業員賞与（6213）,従業員賞与（１名）,0.0
2024-04-30,販売員賞与（6213）,パート賞与（９名）,0.0
2024-04-30,法定福利費（6312）,唐津社会保険事務所社会保険料,0.0
2024-04-30,法定福利費（6312）,労働・労災保険料,0.0
2024-04-30,厚生費（6226）,従業員歓送迎会食事代,56550.0
2024-04-30,事務用消耗品費（6217）,電子複写機コピー代,1428.0
2024-04-30,事務用消耗品費（6217）,金庫用アルカリ電池代,89.0
2024-04-30,事務用消耗品費（6217）,シャチハタネーム代,4400.0
2024-04-30,事務用消耗品費（6217）,領収証代,330.0
2024-04-30,事務用消耗品費（6217）,ラミネートフィルム代,3165.0
2024-04-30,通信交通費（6218）,ＮＴＴファイナンス通話料,12199.0
2024-04-30,水道光熱費（6219）,電気料金・・・電灯,137725.0
2024-04-30,水道光熱費（6219）,電気料金・・・電力,101600.0
2024-04-30,水道光熱費（6219）,水道料金,49152.0
2024-04-30,租税公課費（6221）,消費税及び地方消費税（中間申告）,0.0
2024-04-30,接待交際費（6223）,佐賀県道の駅駅長会意見交換会会費,10000.0
2024-04-30,備品・消耗品費（6225）,トイレットペーパー代・・・4月3日,6600.0
2024-04-30,備品・消耗品費（6225）,布テープほか代,831.0
2024-04-30,備品・消耗品費（6225）,ペーパータオル代・・・4月21日,2890.0
2024-04-30,備品・消耗品費（6225）,ポリエチレン手袋代・・・4月21日,550.0
2024-04-30,備品・消耗品費（6225）,トイレマジックリン代,1980.0
2024-04-30,備品・消耗品費（6225）,パイプクリーナーほか代,740.0
2024-04-30,備品・消耗品費（6225）,レジロール紙代,17600.0
2024-04-30,運営管理諸費（6227A）,東芝テックポスレジシステムリース料,31752.0
2024-04-30,運営管理諸費（6227A）,くすもと税理士事務所顧問報酬,55000.0
2024-04-30,施設管理諸費（6227B）,クリーン・リース代,2662.0
2024-04-30,施設管理諸費（6227B）,塵芥収集運搬料,60500.0
2024-04-30,施設管理諸費（6227B）,冷凍ショーケース保守点検業務,132000.0
2024-04-30,施設管理諸費（6227B）,草払い処理業務,20900.0
2024-04-30,車両費（6228）,ガソリン代・・・江頭火薬石油・・・4月7日,3000.0
2024-04-30,車両費（6228）,ガソリン代・・・唐津農協厳木SS・・・4月21日,2636.0
2024-04-30,リース料（6234）,ソフトサーバーリース代,15510.0
2024-04-30,会費（6313）,令和５年度佐賀県社会保険協会費,3500.0
2024-04-30,会費（6313）,令和５年度道の駅佐賀県駅長会会費,30000.0
2024-04-30,雑費(6231),コカ・コーラ振込手数料・・・4月18日分,660.0
2024-04-30,雑費(6231),佐賀富士ベンディング振込手数料,660.0
2024-04-30,雑費(6231),振込手数料（やまや）・・・4月21日,660.0
2024-04-30,雑費(6231),振込手数料（牛津かまぼこ）,660.0
2024-04-30,雑費(6231),振込手数料（東津商店）,110.0
2024-04-30,雑費(6231),振込手数料（コロンブスかわの）・・・4月24日,110.0
2024-04-30,雑費(6231),振込手数料（コロンブスかわの）・・・4月28日,110.0
2024-04-30,雑費(6231),計量器定期検査申請手数料,1500.0
2024-04-30,雑費(6231),履歴事項全部証明書代,600.0
2024-04-30,受取利息割引料,預金利息,0.0
2024-04-30,雑収入（7118）,雇用保険料預り（３月分）,4883.0
2024-05-31,商品売上高（4111）,野菜等,562405.0
2024-05-31,商品売上高（4111）,温泉たまご,88830.0
2024-05-31,商品売上高（4111）,あら塩・灘の塩（食塩）,1970.0
2024-05-31,商品売上高（4111）,ドリンク類（トライアル）,11630.0
2024-05-31,商品売上高（4111）,ドリンク類（コスモス）,300.0
2024-05-31,商品売上高（4111）,伊藤園お～いお茶・健康ミネラル麦茶ほか,134460.0
2024-05-31,商品売上高（4111）,黒糖・嬉野茶ドーナツ棒,34190.0
2024-05-31,商品売上高（4111）,白菜浅漬け・なす・きゅうりからし漬けの素,7980.0
2024-05-31,商品売上高（4111）,佐賀県産たまねぎスープ・海苔スープ・たまねぎチップ・佐賀牛ポテトチップ・明太子チップ,45300.0
2024-05-31,商品売上高（4111）,粉末うどん・ちゃんぽんスープ,1890.0
2024-05-31,商品売上高（4111）,天ぷら・ちくわほか,18590.0
2024-05-31,商品売上高（4111）,わさびドレッシング・こいくち醬油・カレー,24560.0
2024-05-31,商品売上高（4111）,やまや（明太トーストほか）,25920.0
2024-05-31,商品売上高（4111）,いきさ屋（豆腐）,59155.0
2024-05-31,商品売上高（4111）,ミルン（ヨーグルト・チーズ・牛乳）,15700.0
2024-05-31,商品売上高（4111）,ソフトクリーム・コーン,1136520.0
2024-05-31,商品売上高（4111）,シンセイ商事（しょうが湯ほか）,3375.0
2024-05-31,商品売上高（4111）,キムチたけのこほか,1080.0
2024-05-31,商品売上高（4111）,お菓子セット,6500.0
2024-05-31,商品売上高（4111）,お菓子セット,2180355.0
2024-05-31,商品売上高（4111）,野菜袋（アサヒ）,41770.0
2024-05-31,商品売上高（4111）,中島潔グッズ,15565.0
2024-05-31,商品売上高（4111）,クロネコヤマト宅急便,10540.0
2024-05-31,商品売上高（4111）,宅配料コレクト,1695.0
2024-05-31,商品売上高（4111）,道の駅切符,3420.0
2024-05-31,商品売上高（4111）,連絡線記念指定券,2200.0
2024-05-31,商品売上高（4111）,道の駅スタンプブック,11520.0
2024-05-31,商品売上高（4111）,指定ごみ袋,27900.0
2024-05-31,商品売上高（4111）,粗大ごみ処理券,1110.0
2024-05-31,商品売上高（4111）,チオビタ,2200.0
2024-05-31,商品売上高（4111）,ソフトクリーム用カップ・スプーン,940.0
2024-05-31,商品売上高（4111）,キティちゃんグッズ,1100.0
2024-05-31,商品売上高（4111）,ローソク・線香・マッチ・のし袋・ライター・紙コップ類,140.0
2024-05-31,商品売上高（4111）,アルミ保温保冷バッグ,2080.0
2024-05-31,商品売上高（4111）,レジ袋,14535.0
2024-05-31,商品売上高（4111）,あったか銀紙,136715.0
2024-05-31,手数料収入（4112）,風のふるさと館委託販売手数料,2661218.0
2024-05-31,その他の収入（4114）,バーコードラベル代金,33642.0
2024-05-31,その他の収入（4114）,コカ・コーラ自販機手数料,68798.0
2024-05-31,その他の収入（4114）,アルミ缶売却料,6300.0
2024-05-31,その他の収入（4114）,テナント使用料,45250.0
2024-05-31,その他の収入（4114）,テナント電気料,27905.0
2024-05-31,商品仕入高（5211）,野菜・・・辻青果,416980.0
2024-05-31,商品仕入高（5211）,たまご,37908.0
2024-05-31,商品仕入高（5211）,伊藤園お茶ほか・・・5月8日,4561.0
2024-05-31,商品仕入高（5211）,伊藤園お茶ほか・・・5月15日,18325.0
2024-05-31,商品仕入高（5211）,伊藤園お茶ほか・・・5月22日,46241.0
2024-05-31,商品仕入高（5211）,伊藤園お茶ほか・・・5月29日,26749.0
2024-05-31,商品仕入高（5211）,佐賀牛ポテトチップほか・・・5月12日,23652.0
2024-05-31,商品仕入高（5211）,黒糖ドーナツ棒,24861.0
2024-05-31,商品仕入高（5211）,天ぷら・ちくわほか,16783.0
2024-05-31,商品仕入高（5211）,ジャージーミックスほか,730611.0
2024-05-31,商品仕入高（5211）,ミルン牛乳・ヨーグルトほか,10936.0
2024-05-31,商品仕入高（5211）,明太トースト・・・5月19日,12701.0
2024-05-31,商品仕入高（5211）,いきさ屋豆腐,46422.0
2024-05-31,商品仕入高（5211）,いきさ屋豆腐,1416730.0
2024-05-31,商品仕入高（5211）,野菜等袋代・・・アサヒ,8811.0
2024-05-31,商品仕入高（5211）,クロネコヤマト宅急便他運賃料,12606.0
2024-05-31,商品仕入高（5211）,ヤマト運輸振込手数料,330.0
2024-05-31,商品仕入高（5211）,ソフトクリーム用スプーン,3190.0
2024-05-31,商品仕入高（5211）,指定ごみ袋,47700.0
2024-05-31,商品仕入高（5211）,粗大ごみ処理券,5400.0
2024-05-31,商品仕入高（5211）,道の駅記念キップ,36000.0
2024-05-31,商品仕入高（5211）,チオビタドリンク・・・月日,114037.0
2024-05-31,販売員給与（6111）,パート（９名）,892640.0
2024-05-31,事業費（6116T）,母の日プレゼントバラ代,11000.0
2024-05-31,事業費（6116T）,母の日プレゼントラッピングシール代,550.0
2024-05-31,役員報酬（6211）,役員給与（１名）,250000.0
2024-05-31,従業員給与（6212）,従業員給与（１名）,196500.0
2024-05-31,法定福利費（6312）,唐津社会保険事務所社会保険料,132077.0
2024-05-31,修繕費（6216）,歩道補修セメント代,933.0
2024-05-31,修繕費（6216）,蒸し器パッキン代,6930.0
2024-05-31,事務用消耗品費（6217）,電子複写機コピー代,2273.0
2024-05-31,事務用消耗品費（6217）,名刺用紙代,110.0
2024-05-31,通信交通費（6218）,ＮＴＴファイナンス通話料,12124.0
2024-05-31,水道光熱費（6219）,電気料金・・・電灯,105036.0
2024-05-31,水道光熱費（6219）,電気料金・・・電力,91945.0
2024-05-31,租税公課費（6221）,消費税及び地方消費税（中間申告）,0.0
2024-05-31,地代家賃（6215）,風のふるさと館敷地使用料,4567.0
2024-05-31,地代家賃（6215）,行政財産使用料（旧本山小学校用地）,8773.0
2024-05-31,接待交際費（6223）,役員花植替え作業弁当・お茶代,1680.0
2024-05-31,備品・消耗品費（6225）,消毒液代,1953.0
2024-05-31,備品・消耗品費（6225）,アルコールディスペンサー代,440.0
2024-05-31,備品・消耗品費（6225）,ポップ用画用紙代,110.0
2024-05-31,備品・消耗品費（6225）,歩道花飾り用肥料ほか代,3418.0
2024-05-31,備品・消耗品費（6225）,歩道飾り用花種代,990.0
2024-05-31,備品・消耗品費（6225）,歩道飾り用花苗代,2400.0
2024-05-31,備品・消耗品費（6225）,ソフト用アルコールスプレー代,10890.0
2024-05-31,運営管理諸費（6227A）,東芝テックポスレジシステムリース料,31752.0
2024-05-31,運営管理諸費（6227A）,くすもと税理士事務所顧問報酬,262570.0
2024-05-31,施設管理諸費（6227B）,中央警備保障機械警備料,37400.0
2024-05-31,施設管理諸費（6227B）,クリーン・リース代,2662.0
2024-05-31,施設管理諸費（6227B）,塵芥収集運搬料,60500.0
2024-05-31,施設管理諸費（6227B）,衛生害虫駆除業務,10395.0
2024-05-31,施設管理諸費（6227B）,空調点検前期,91300.0
2024-05-31,車両費（6228）,ガソリン代・・・ENEOS・・・5月12日,3000.0
2024-05-31,車両費（6228）,ハイゼット軽自動車税,5000.0
2024-05-31,リース料（6234）,ソフトサーバーリース代,15510.0
2024-05-31,会費（6313）,令和５年度唐津市法人会年間会費,6000.0
2024-05-31,雑費(6231),コカ・コーラ振込手数料・・・5月18日分,660.0
2024-05-31,雑費(6231),振込手数料（道の駅ネットワーク）,880.0
2024-05-31,雑費(6231),振込手数料（やまや）・・・5月19日,660.0
2024-05-31,雑費(6231),振込手数料（牛津かまぼこ）,660.0
2024-05-31,雑費(6231),振込手数料（アプト）,110.0
2024-05-31,雑費(6231),通帳残高証明書発行手数料,550.0
2024-05-31,受取利息割引料,預金利息,0.0
2024-05-31,雑収入（7118）,雇用保険料預り（４月分）,4803.0
2024-06-30,商品売上高（4111）,野菜等,613910.0
2024-06-30,商品売上高（4111）,温泉たまご,82450.0
2024-06-30,商品売上高（4111）,あら塩・灘の塩（食塩）,3760.0
2024-06-30,商品売上高（4111）,ドリンク類（トライアル）,3740.0
2024-06-30,商品売上高（4111）,伊藤園お～いお茶・健康ミネラル麦茶ほか,126970.0
2024-06-30,商品売上高（4111）,黒糖・嬉野茶ドーナツ棒,23900.0
2024-06-30,商品売上高（4111）,白菜浅漬け・なす・きゅうりからし漬けの素,9320.0
2024-06-30,商品売上高（4111）,佐賀県産たまねぎスープ・海苔スープ・たまねぎチップ・佐賀牛ポテトチップ・明太子チップ,28560.0
2024-06-30,商品売上高（4111）,粉末うどん・ちゃんぽんスープ,1280.0
2024-06-30,商品売上高（4111）,天ぷら・ちくわほか,15050.0
2024-06-30,商品売上高（4111）,わさびドレッシング・こいくち醬油・カレー,18730.0
2024-06-30,商品売上高（4111）,やまや（明太トーストほか）,10120.0
2024-06-30,商品売上高（4111）,いきさ屋（豆腐）,46450.0
2024-06-30,商品売上高（4111）,ミルン（ヨーグルト・チーズ・牛乳）,10545.0
2024-06-30,商品売上高（4111）,ソフトクリーム・コーン,1105750.0
2024-06-30,商品売上高（4111）,シンセイ商事（しょうが湯ほか）,3705.0
2024-06-30,商品売上高（4111）,キムチたけのこほか,2104240.0
2024-06-30,商品売上高（4111）,野菜袋（アサヒ）,39855.0
2024-06-30,商品売上高（4111）,中島潔グッズ,3865.0
2024-06-30,商品売上高（4111）,クロネコヤマト宅急便,17575.0
2024-06-30,商品売上高（4111）,道の駅切符,3780.0
2024-06-30,商品売上高（4111）,連絡線記念指定券,2400.0
2024-06-30,商品売上高（4111）,道の駅スタンプブック,8640.0
2024-06-30,商品売上高（4111）,指定ごみ袋,19200.0
2024-06-30,商品売上高（4111）,粗大ごみ処理券,920.0
2024-06-30,商品売上高（4111）,チオビタ,3100.0
2024-06-30,商品売上高（4111）,ソフトクリーム用カップ・スプーン,890.0
2024-06-30,商品売上高（4111）,ローソク・線香・マッチ・のし袋・ライター・紙コップ類,200.0
2024-06-30,商品売上高（4111）,アルミ保温保冷バッグ,1440.0
2024-06-30,商品売上高（4111）,レジ袋,13535.0
2024-06-30,商品売上高（4111）,あったか銀紙,115400.0
2024-06-30,手数料収入（4112）,風のふるさと館委託販売手数料,2335585.0
2024-06-30,その他の収入（4114）,バーコードラベル代金,31706.0
2024-06-30,その他の収入（4114）,コカ・コーラ自販機手数料,88907.0
2024-06-30,その他の収入（4114）,佐賀富士ベンディング自販機手数料,160953.0
2024-06-30,その他の収入（4114）,テナント使用料,45250.0
2024-06-30,その他の収入（4114）,テナント電気料,28366.0
2024-06-30,その他の収入（4114）,テナント水道料,35671.0
2024-06-30,商品仕入高（5211）,野菜・・・辻青果,463650.0
2024-06-30,商品仕入高（5211）,たまご,42120.0
2024-06-30,商品仕入高（5211）,伊藤園お茶ほか・・・6月5日,26853.0
2024-06-30,商品仕入高（5211）,伊藤園お茶ほか・・・6月12日,33696.0
2024-06-30,商品仕入高（5211）,伊藤園ブラックコーヒーほか・・・6月19日,17340.0
2024-06-30,商品仕入高（5211）,伊藤園お茶ほか・・・6月26日,33693.0
2024-06-30,商品仕入高（5211）,伊藤園お茶ほか・・・7月3日,14497.0
2024-06-30,商品仕入高（5211）,粉末うどんちゃんぽんスープ・・・6月9日,2248.0
2024-06-30,商品仕入高（5211）,佐賀牛ポテトチップほか・・・6月19日,14191.0
2024-06-30,商品仕入高（5211）,佐賀県産たまねぎスープほか・・・6月30日,39895.0
2024-06-30,商品仕入高（5211）,からし漬けの素・・・6月19日,9234.0
2024-06-30,商品仕入高（5211）,黒糖ドーナツ棒,24861.0
2024-06-30,商品仕入高（5211）,天ぷら・ちくわほか,14385.0
2024-06-30,商品仕入高（5211）,わさびドレッシングほか・・・6月23日,14680.0
2024-06-30,商品仕入高（5211）,ジャージーミックスほか,769986.0
2024-06-30,商品仕入高（5211）,いきさ屋豆腐,41283.0
2024-06-30,商品仕入高（5211）,いきさ屋豆腐,1562612.0
2024-06-30,商品仕入高（5211）,クロネコヤマト宅急便他運賃料,15686.0
2024-06-30,商品仕入高（5211）,ヤマト運輸振込手数料,605.0
2024-06-30,商品仕入高（5211）,ソフトクリーム用スプーン,6380.0
2024-06-30,商品仕入高（5211）,ソフトクリームカップ（アサヒ）,112640.0
2024-06-30,商品仕入高（5211）,アルミ保温保冷バッグ,440.0
2024-06-30,商品仕入高（5211）,チオビタドリンク・・・月日,135751.0
2024-06-30,販売員給与（6111）,パート（９名）,843300.0
2024-06-30,広告宣伝費（6113）,"スタンプラリー景品1,000円商品券",9000.0
2024-06-30,事業費（6116T）,父の日のプレゼントチオビタ代,2196.0
2024-06-30,事業費（6116T）,父の日プレゼント飲み物代,10782.0
2024-06-30,役員報酬（6211）,役員給与（１名）,250000.0
2024-06-30,従業員給与（6212）,従業員給与（１名）,196500.0
2024-06-30,法定福利費（6312）,唐津社会保険事務所社会保険料,132077.0
2024-06-30,法定福利費（6312）,労働・労災保険料,261554.0
2024-06-30,事務用消耗品費（6217）,電子複写機コピー代,3155.0
2024-06-30,事務用消耗品費（6217）,コピー用紙代,2420.0
2024-06-30,通信交通費（6218）,ＮＴＴファイナンス通話料,10962.0
2024-06-30,水道光熱費（6219）,電気料金・・・電灯,110547.0
2024-06-30,水道光熱費（6219）,電気料金・・・電力,122005.0
2024-06-30,水道光熱費（6219）,水道料金,59052.0
2024-06-30,租税公課費（6221）,消費税及び地方消費税（中間申告）,0.0
2024-06-30,租税公課費（6221）,役員変更登記印紙代,10000.0
2024-06-30,租税公課費（6221）,唐津市固定資産税,66200.0
2024-06-30,地代家賃（6215）,風のふるさと館敷地使用料,600000.0
2024-06-30,接待交際費（6223）,役員草刈り作業お茶代,750.0
2024-06-30,接待交際費（6223）,役員会食事代,20350.0
2024-06-30,備品・消耗品費（6225）,トイレットペーパー代・・・6月5日,7920.0
2024-06-30,備品・消耗品費（6225）,トイレットペーパー代・・・6月16日,7920.0
2024-06-30,備品・消耗品費（6225）,トイレットペーパー代・・・6月23日,7920.0
2024-06-30,備品・消耗品費（6225）,トイレットペーパー代・・・6月30日,7920.0
2024-06-30,備品・消耗品費（6225）,棚作製用材料代,1892.0
2024-06-30,備品・消耗品費（6225）,ペーパーホルダー,4046.0
2024-06-30,備品・消耗品費（6225）,布テープほか代,1115.0
2024-06-30,備品・消耗品費（6225）,ディスプレイ棚用キャスター,405.0
2024-06-30,備品・消耗品費（6225）,ゴム製段差プレート代,3960.0
2024-06-30,備品・消耗品費（6225）,スタンプ台作製材料ほか代,14895.0
2024-06-30,備品・消耗品費（6225）,日付シャチハタ代,2959.0
2024-06-30,備品・消耗品費（6225）,ごみ袋代,17820.0
2024-06-30,運営管理諸費（6227A）,東芝テックポスレジシステムリース料,31752.0
2024-06-30,運営管理諸費（6227A）,くすもと税理士事務所顧問報酬,66000.0
2024-06-30,運営管理諸費（6227A）,産直システムハードウェア保守契約代,82456.0
2024-06-30,施設管理諸費（6227B）,中央警備保障機械警備料,37400.0
2024-06-30,施設管理諸費（6227B）,クリーン・リース代,2662.0
2024-06-30,施設管理諸費（6227B）,塵芥収集運搬料,60500.0
2024-06-30,車両費（6228）,ガソリン代・・・JA唐津厳木SS・・・6月9日,3549.0
2024-06-30,車両費（6228）,ガソリン代・・・JA唐津厳木SS・・・6月30日,2495.0
2024-06-30,リース料（6234）,ソフトサーバーリース代,15510.0
2024-06-30,会費（6313）,令和５年度佐賀県食品衛生協会会費（ソフト）,3000.0
2024-06-30,会費（6313）,令和５年度唐津東商工会会費,24000.0
2024-06-30,会費（6313）,令和５年度唐津観光協会会費,20000.0
2024-06-30,雑費(6231),コカ・コーラ振込手数料・・・6月18日分,660.0
2024-06-30,雑費(6231),振込手数料（牛津かまぼこ）,660.0
2024-06-30,雑費(6231),振込手数料（コロンブスかわの）,110.0
2024-06-30,雑費(6231),印鑑証明書代,300.0
2024-06-30,雑費(6231),振込手数料（食品衛生）,660.0
2024-06-30,雑費(6231),期限切れ商品返品着払い代,750.0
2024-06-30,雑費(6231),NHK受信料,13650.0
2024-06-30,雑費(6231),中島区集会所使用料,4500.0
2024-06-30,受取利息割引料,預金利息,0.0
2024-06-30,雑収入（7118）,雇用保険料預り（５月分）,4975.0
2024-07-31,商品売上高（4111）,野菜等,513020.0
2024-07-31,商品売上高（4111）,温泉たまご,77130.0
2024-07-31,商品売上高（4111）,あら塩・灘の塩（食塩）,970.0
2024-07-31,商品売上高（4111）,オロナミンC（トライアル）,5830.0
2024-07-31,商品売上高（4111）,伊藤園お～いお茶・健康ミネラル麦茶ほか,143010.0
2024-07-31,商品売上高（4111）,黒糖・嬉野茶ドーナツ棒,20855.0
2024-07-31,商品売上高（4111）,白菜浅漬け・なす・きゅうりからし漬けの素,9420.0
2024-07-31,商品売上高（4111）,佐賀県産たまねぎスープ・海苔スープ・たまねぎチップ・佐賀牛ポテトチップ・明太子チップ,58870.0
2024-07-31,商品売上高（4111）,粉末うどん・ちゃんぽんスープ,370.0
2024-07-31,商品売上高（4111）,天ぷら・ちくわほか,18200.0
2024-07-31,商品売上高（4111）,わさびドレッシング・こいくち醬油・カレー,28195.0
2024-07-31,商品売上高（4111）,やまや（明太トースト）,10260.0
2024-07-31,商品売上高（4111）,いきさ屋（豆腐）,47985.0
2024-07-31,商品売上高（4111）,ミルン（ヨーグルト・チーズ・牛乳）,4860.0
2024-07-31,商品売上高（4111）,ソフトクリーム・コーン,1130030.0
2024-07-31,商品売上高（4111）,シンセイ商事（しょうが湯ほか）,960.0
2024-07-31,商品売上高（4111）,ゼリー,1170.0
2024-07-31,商品売上高（4111）,みりん,660.0
2024-07-31,商品売上高（4111）,みりん,2071795.0
2024-07-31,商品売上高（4111）,野菜袋（アサヒ）,36625.0
2024-07-31,商品売上高（4111）,中島潔グッズ,550.0
2024-07-31,商品売上高（4111）,クロネコヤマト宅急便,15680.0
2024-07-31,商品売上高（4111）,宅配料コレクト,660.0
2024-07-31,商品売上高（4111）,道の駅切符,2880.0
2024-07-31,商品売上高（4111）,連絡線記念指定券,1200.0
2024-07-31,商品売上高（4111）,道の駅スタンプブック,5400.0
2024-07-31,商品売上高（4111）,指定ごみ袋,29800.0
2024-07-31,商品売上高（4111）,粗大ごみ処理券,5850.0
2024-07-31,商品売上高（4111）,チオビタ,2600.0
2024-07-31,商品売上高（4111）,ソフトクリーム用カップ・スプーン,820.0
2024-07-31,商品売上高（4111）,ソフトクリーム用カップ（アサヒ）,180.0
2024-07-31,商品売上高（4111）,ローソク・線香・マッチ・のし袋・ライター・紙コップ類,150.0
2024-07-31,商品売上高（4111）,アルミ保温保冷バッグ,1280.0
2024-07-31,商品売上高（4111）,レジ袋,12465.0
2024-07-31,商品売上高（4111）,あったか銀紙,116140.0
2024-07-31,手数料収入（4112）,風のふるさと館委託販売手数料,2025377.0
2024-07-31,その他の収入（4114）,バーコードラベル代金,29095.0
2024-07-31,その他の収入（4114）,コカ・コーラ自販機手数料,90125.0
2024-07-31,その他の収入（4114）,テナント使用料,45250.0
2024-07-31,その他の収入（4114）,テナント電気料,30651.0
2024-07-31,その他の収入（4114）,やきいもキッチンカー出店料,2000.0
2024-07-31,その他の収入（4114）,佐賀県水難救済会自動販売機手数料,36000.0
2024-07-31,商品仕入高（5211）,野菜・・・辻青果,393930.0
2024-07-31,商品仕入高（5211）,たまご,33696.0
2024-07-31,商品仕入高（5211）,九州あら塩 ・・・九州ソルト佐賀支店,7171.0
2024-07-31,商品仕入高（5211）,オロナミンC（トライアル）・・・7月7日,6291.0
2024-07-31,商品仕入高（5211）,オロナミンC（トライアル）・・・7月31日,2246.0
2024-07-31,商品仕入高（5211）,伊藤園お茶ほか・・・7月10日,8786.0
2024-07-31,商品仕入高（5211）,伊藤園お茶ほか・・・7月18日,9961.0
2024-07-31,商品仕入高（5211）,伊藤園お茶ほか・・・7月24日,29808.0
2024-07-31,商品仕入高（5211）,伊藤園お茶ほか・・・7月31日,22498.0
2024-07-31,商品仕入高（5211）,佐賀牛ポテトチップほか・・・7月14日,9460.0
2024-07-31,商品仕入高（5211）,佐賀県産たまねぎスープほか・・・7月28日,30823.0
2024-07-31,商品仕入高（5211）,からし漬けの素・・・7月10日,4374.0
2024-07-31,商品仕入高（5211）,黒糖ドーナツ棒,16178.0
2024-07-31,商品仕入高（5211）,天ぷら・ちくわほか,16783.0
2024-07-31,商品仕入高（5211）,ブラックモンブランカレーほか・・・7月14日,11170.0
2024-07-31,商品仕入高（5211）,ジャージーミックスほか,725565.0
2024-07-31,商品仕入高（5211）,ミルン牛乳・ヨーグルトほか・・・6月分,21044.0
2024-07-31,商品仕入高（5211）,ミルン牛乳・ヨーグルトほか・・・7月分,13754.0
2024-07-31,商品仕入高（5211）,明太トースト・・・7月18日,12701.0
2024-07-31,商品仕入高（5211）,いきさ屋豆腐,34587.0
2024-07-31,商品仕入高（5211）,いきさ屋豆腐,1410826.0
2024-07-31,商品仕入高（5211）,野菜等袋代・・・アサヒ,30437.0
2024-07-31,商品仕入高（5211）,クロネコヤマト宅急便他運賃料,18249.0
2024-07-31,商品仕入高（5211）,ヤマト運輸振込手数料,330.0
2024-07-31,商品仕入高（5211）,ソフトクリーム用スプーン,9570.0
2024-07-31,商品仕入高（5211）,指定ごみ袋,47700.0
2024-07-31,商品仕入高（5211）,粗大ごみ処理券,5800.0
2024-07-31,商品仕入高（5211）,アルミ保温保冷バッグ・・・7月7日,770.0
2024-07-31,商品仕入高（5211）,アルミ保温保冷バッグ・・・7月28日,1430.0
2024-07-31,商品仕入高（5211）,チオビタドリンク・・・月日,114286.0
2024-07-31,販売員給与（6111）,パート（９名）,898600.0
2024-07-31,広告宣伝費（6113）,厳木夏まつり協賛お菓子代・・・7月28日,1404.0
2024-07-31,広告宣伝費（6113）,厳木夏まつり協賛お菓子代・・・7月31日,2095.0
2024-07-31,事業費（6116T）,海の日プレゼント焼きとうもろこし調味料・・・7月7日,1028.0
2024-07-31,事業費（6116T）,海の日プレゼント焼きとうもろこし調味料・・・7月10日,1833.0
2024-07-31,事業費（6116T）,海の日イベントカセットボンベほか代,6037.0
2024-07-31,事業費（6116T）,海の日イベント用刷毛代,350.0
2024-07-31,事業費（6116T）,海の日イベント用保存容器代,550.0
2024-07-31,事業費（6116T）,海の日プレゼントとうもろこし代,10000.0
2024-07-31,事業費（6116T）,海の日イベント協力者昼食代,700.0
2024-07-31,役員報酬（6211）,役員給与（１名）,250000.0
2024-07-31,役員報酬（6211）,役員賞与（1名）,250000.0
2024-07-31,役員報酬（6211）,役員報酬（4名）,280000.0
2024-07-31,従業員給与（6212）,従業員給与（１名）,196500.0
2024-07-31,従業員賞与（6213）,従業員賞与（１名）,160000.0
2024-07-31,販売員賞与（6213）,パート賞与（９名）,535000.0
2024-07-31,法定福利費（6312）,唐津社会保険事務所社会保険料,132077.0
2024-07-31,事務用消耗品費（6217）,電子複写機コピー代,2979.0
2024-07-31,通信交通費（6218）,ＮＴＴファイナンス通話料,10441.0
2024-07-31,水道光熱費（6219）,電気料金・・・電灯,116131.0
2024-07-31,水道光熱費（6219）,電気料金・・・電力,164682.0
2024-07-31,接待交際費（6223）,生産者集会お茶代,2700.0
2024-07-31,接待交際費（6223）,佐賀県道の駅駅長会意見交換会会費,6000.0
2024-07-31,備品・消耗品費（6225）,トイレットペーパー代・・・7月14日,7920.0
2024-07-31,備品・消耗品費（6225）,トイレットペーパー代・・・7月24日,7920.0
2024-07-31,備品・消耗品費（6225）,トイレットペーパー代・・・7月31日,7920.0
2024-07-31,備品・消耗品費（6225）,水切りネット代,220.0
2024-07-31,備品・消耗品費（6225）,虫よけネットほか代,4826.0
2024-07-31,備品・消耗品費（6225）,ペーパータオル代,4913.0
2024-07-31,備品・消耗品費（6225）,マジックほか代,2243.0
2024-07-31,備品・消耗品費（6225）,ポリエチレン手袋代,1100.0
2024-07-31,備品・消耗品費（6225）,石鹸代,200.0
2024-07-31,備品・消耗品費（6225）,ゼリー用スプーン代・・・7月28日,110.0
2024-07-31,備品・消耗品費（6225）,割箸代,837.0
2024-07-31,備品・消耗品費（6225）,ソフト用アルコールスプレー代,7260.0
2024-07-31,運営管理諸費（6227A）,東芝テックポスレジシステムリース料,69696.0
2024-07-31,運営管理諸費（6227A）,くすもと税理士事務所顧問報酬,55000.0
2024-07-31,施設管理諸費（6227B）,中央警備保障機械警備料,37400.0
2024-07-31,施設管理諸費（6227B）,クリーン・リース代,2662.0
2024-07-31,施設管理諸費（6227B）,塵芥収集運搬料,60500.0
2024-07-31,施設管理諸費（6227B）,サーキュレーター取付・配線工事代,14300.0
2024-07-31,施設管理諸費（6227B）,消防設備保守点検業務,17050.0
2024-07-31,施設管理諸費（6227B）,道の駅草払い等処理業務,22500.0
2024-07-31,施設管理諸費（6227B）,自動ドア装置保守点検業務,13200.0
2024-07-31,車両費（6228）,ガソリン代・・・江頭火薬石油・・・7月14日,3000.0
2024-07-31,車両費（6228）,ガソリン代・・・JA唐津厳木SS・・・7月28日,3000.0
2024-07-31,リース料（6234）,ソフトサーバーリース代,15510.0
2024-07-31,雑費(6231),コカ・コーラ振込手数料・・・7月18日分,660.0
2024-07-31,雑費(6231),佐賀富士ベンディング振込手数料,660.0
2024-07-31,雑費(6231),振込手数料（牛津かまぼこ）,660.0
2024-07-31,雑費(6231),振込手数料（やまや）,660.0
2024-07-31,雑費(6231),振込手数料（コロンブスかわの）,110.0
2024-07-31,雑費(6231),振込手数料（MonotaRO）,660.0
2024-07-31,受取利息割引料,預金利息,0.0
2024-07-31,雑収入（7118）,雇用保険料預り（６月分）,4754.0
2024-07-31,雑収入（7118）,雇用保険料預り（賞与分）,6504.0
2024-08-31,商品売上高（4111）,野菜等,705315.0
2024-08-31,商品売上高（4111）,温泉たまご,77850.0
2024-08-31,商品売上高（4111）,あら塩・灘の塩（食塩）,2660.0
2024-08-31,商品売上高（4111）,オロナミンC（トライアル）,5500.0
2024-08-31,商品売上高（4111）,伊藤園お～いお茶・健康ミネラル麦茶ほか,193540.0
2024-08-31,商品売上高（4111）,黒糖・嬉野茶ドーナツ棒,30875.0
2024-08-31,商品売上高（4111）,白菜浅漬け・なす・きゅうりからし漬けの素,4050.0
2024-08-31,商品売上高（4111）,佐賀県産たまねぎスープ・海苔スープ・たまねぎチップ・佐賀牛ポテトチップ・明太子チップ,88990.0
2024-08-31,商品売上高（4111）,粉末うどん・ちゃんぽんスープ,1850.0
2024-08-31,商品売上高（4111）,天ぷら・ちくわほか,20110.0
2024-08-31,商品売上高（4111）,わさびドレッシング・こいくち醬油・カレー,31565.0
2024-08-31,商品売上高（4111）,やまや（明太トースト）,10260.0
2024-08-31,商品売上高（4111）,いきさ屋（豆腐）,50610.0
2024-08-31,商品売上高（4111）,ソフトクリーム・コーン,1557660.0
2024-08-31,商品売上高（4111）,シンセイ商事（しょうが湯ほか）,160.0
2024-08-31,商品売上高（4111）,ゼリー,2600.0
2024-08-31,商品売上高（4111）,みりん,2783595.0
2024-08-31,商品売上高（4111）,野菜袋（アサヒ）,24080.0
2024-08-31,商品売上高（4111）,中島潔グッズ,5605.0
2024-08-31,商品売上高（4111）,クロネコヤマト宅急便,14640.0
2024-08-31,商品売上高（4111）,道の駅切符,3060.0
2024-08-31,商品売上高（4111）,連絡線記念指定券,1600.0
2024-08-31,商品売上高（4111）,道の駅スタンプブック,3240.0
2024-08-31,商品売上高（4111）,指定ごみ袋,29700.0
2024-08-31,商品売上高（4111）,粗大ごみ処理券,1000.0
2024-08-31,商品売上高（4111）,チオビタ,2900.0
2024-08-31,商品売上高（4111）,ソフトクリームスプーン,1070.0
2024-08-31,商品売上高（4111）,ソフトクリームカップ（アサヒ）,750.0
2024-08-31,商品売上高（4111）,キティちゃんグッズ,550.0
2024-08-31,商品売上高（4111）,ローソク・線香・マッチ・のし袋・ライター・紙コップ類,355.0
2024-08-31,商品売上高（4111）,アルミ保温保冷バッグ,1440.0
2024-08-31,商品売上高（4111）,レジ袋,15115.0
2024-08-31,商品売上高（4111）,あったか銀紙,105105.0
2024-08-31,手数料収入（4112）,風のふるさと館委託販売手数料,2799087.0
2024-08-31,その他の収入（4114）,バーコードラベル代金,35288.0
2024-08-31,その他の収入（4114）,コカ・コーラ自販機手数料,81171.0
2024-08-31,その他の収入（4114）,アルミ缶売却料,6500.0
2024-08-31,その他の収入（4114）,テナント使用料,45250.0
2024-08-31,その他の収入（4114）,テナント電気料,62581.0
2024-08-31,その他の収入（4114）,テナント水道料,40026.0
2024-08-31,その他の収入（4114）,アイコス実演販売賃借料,2000.0
2024-08-31,その他の収入（4114）,アイコス実演販売賃借料,2000.0
2024-08-31,その他の収入（4114）,アイコス実演販売賃借料,2000.0
2024-08-31,その他の収入（4114）,団子店頭販売賃借料,9000.0
2024-08-31,その他の収入（4114）,団子店頭販売賃借料,6000.0
2024-08-31,商品仕入高（5211）,野菜・・・辻青果,566970.0
2024-08-31,商品仕入高（5211）,たまご,37908.0
2024-08-31,商品仕入高（5211）,温泉たまご用塩代,25272.0
2024-08-31,商品仕入高（5211）,オロナミンC（トライアル）・・・8月18日,3156.0
2024-08-31,商品仕入高（5211）,伊藤園お茶ほか・・・8月7日,45230.0
2024-08-31,商品仕入高（5211）,伊藤園お茶ほか・・・8月14日,42508.0
2024-08-31,商品仕入高（5211）,伊藤園お茶ほか・・・8月21日,23094.0
2024-08-31,商品仕入高（5211）,伊藤園お茶ほか・・・8月28日,14463.0
2024-08-31,商品仕入高（5211）,佐賀牛ポテトチップほか・・・8月10日,14191.0
2024-08-31,商品仕入高（5211）,佐賀牛ポテトチップほか・・・8月18日,37843.0
2024-08-31,商品仕入高（5211）,黒糖ドーナツ棒,17668.0
2024-08-31,商品仕入高（5211）,天ぷら・ちくわほか,22118.0
2024-08-31,商品仕入高（5211）,わさびドレッシングほか・・・8月10日,19942.0
2024-08-31,商品仕入高（5211）,ジャージーミックスほか,1040128.0
2024-08-31,商品仕入高（5211）,いきさ屋豆腐,43306.0
2024-08-31,商品仕入高（5211）,くだものゼリー・・・8月10日,771.0
2024-08-31,商品仕入高（5211）,くだものゼリーほか・・・8月18日,732.0
2024-08-31,商品仕入高（5211）,くだものゼリーほか・・・8月18日,1955300.0
2024-08-31,商品仕入高（5211）,野菜等袋代・・・アサヒ,73095.0
2024-08-31,商品仕入高（5211）,クロネコヤマト宅急便他運賃料,16764.0
2024-08-31,商品仕入高（5211）,ヤマト運輸振込手数料,330.0
2024-08-31,商品仕入高（5211）,ソフトクリーム用スプーン,880.0
2024-08-31,商品仕入高（5211）,ソフトクリーム用スプーン,2831.0
2024-08-31,商品仕入高（5211）,ソフトクリーム用スプーン,19140.0
2024-08-31,商品仕入高（5211）,アルミ保温保冷バッグ,1100.0
2024-08-31,商品仕入高（5211）,チオビタドリンク・・・8月18日,2895.0
2024-08-31,商品仕入高（5211）,チオビタドリンク・・・8月18日,117035.0
2024-08-31,販売員給与（6111）,パート（９名）,866470.0
2024-08-31,広告宣伝費（6113）,第49回厳木納涼花火大会協賛金,5000.0
2024-08-31,広告宣伝費（6113）,唐津・虹ノ松原ツーデーウォーク広告協賛金,10000.0
2024-08-31,役員報酬（6211）,役員給与（１名）,250000.0
2024-08-31,従業員給与（6212）,従業員給与（１名）,196500.0
2024-08-31,法定福利費（6312）,唐津社会保険事務所社会保険料・・・給与,132077.0
2024-08-31,法定福利費（6312）,唐津社会保険事務所社会保険料・・・賞与,115015.0
2024-08-31,修繕費（6216）,避難口誘導灯電池取替修繕費他,23980.0
2024-08-31,修繕費（6216）,ソフトクリームサーバーパッキンセットほか,13310.0
2024-08-31,事務用消耗品費（6217）,電子複写機コピー代,4437.0
2024-08-31,事務用消耗品費（6217）,コピー用紙代,2640.0
2024-08-31,事務用消耗品費（6217）,フラットファイル代,1173.0
2024-08-31,通信交通費（6218）,ＮＴＴファイナンス通話料,10934.0
2024-08-31,水道光熱費（6219）,電気料金・・・電灯,182389.0
2024-08-31,水道光熱費（6219）,電気料金・・・電力,282270.0
2024-08-31,水道光熱費（6219）,水道料金,57952.0
2024-08-31,備品・消耗品費（6225）,トイレットペーパー代・・・8月18日,7920.0
2024-08-31,備品・消耗品費（6225）,トイレットペーパー代・・・8月25日,7920.0
2024-08-31,備品・消耗品費（6225）,グラスワイパー代,3480.0
2024-08-31,備品・消耗品費（6225）,ゼリー用スプーン代,279.0
2024-08-31,備品・消耗品費（6225）,ソフト機械清掃用洗剤代,790.0
2024-08-31,備品・消耗品費（6225）,筆ペン代,958.0
2024-08-31,備品・消耗品費（6225）,セメダイン代,110.0
2024-08-31,備品・消耗品費（6225）,ごみ箱代,2790.0
2024-08-31,備品・消耗品費（6225）,ポリエチレン手袋代,550.0
2024-08-31,備品・消耗品費（6225）,外掃除用キッチンハイター代,2380.0
2024-08-31,備品・消耗品費（6225）,ペーパータオル代,4046.0
2024-08-31,備品・消耗品費（6225）,ソフトクリームポップ,1796.0
2024-08-31,備品・消耗品費（6225）,レジロール紙代,19360.0
2024-08-31,備品・消耗品費（6225）,消毒液代,3553.0
2024-08-31,備品・消耗品費（6225）,消毒液運送費,440.0
2024-08-31,備品・消耗品費（6225）,エアコン風よけカバー代,2739.0
2024-08-31,運営管理諸費（6227A）,くすもと税理士事務所顧問報酬,55000.0
2024-08-31,施設管理諸費（6227B）,中央警備保障機械警備料,37400.0
2024-08-31,施設管理諸費（6227B）,クリーン・リース代,4246.0
2024-08-31,施設管理諸費（6227B）,塵芥収集運搬料,60500.0
2024-08-31,施設管理諸費（6227B）,衛生害虫駆除業務,10395.0
2024-08-31,車両費（6228）,ガソリン代・・・江頭火薬石油・・・8月21日,3000.0
2024-08-31,車両費（6228）,ガソリン代・・・JA唐津厳木SS・・・8月31日,2822.0
2024-08-31,車両費（6228）,ガソリン代・・・JA唐津厳木SS・・・8月31日,2500.0
2024-08-31,リース料（6234）,ソフトサーバーリース代,15510.0
2024-08-31,会費（6313）,第１５回新任駅長研修会,5000.0
2024-08-31,雑費(6231),コカ・コーラ振込手数料・・・8月18日分,660.0
2024-08-31,雑費(6231),振込手数料（牛津かまぼこ）,275.0
2024-08-31,受取利息割引料,貯金利息・・・風のふるさと館,35.0
2024-08-31,受取利息割引料,貯金利息・・・日々売上,45.0
2024-08-31,受取利息割引料,貯金利息・・・釣銭両替,2.0
2024-08-31,雑収入（7118）,雇用保険料預り（7月分）,5652.0
2024-09-30,商品売上高（4111）,野菜等,645435.0
2024-09-30,商品売上高（4111）,温泉たまご,74850.0
2024-09-30,商品売上高（4111）,あら塩・灘の塩（食塩）,970.0
2024-09-30,商品売上高（4111）,オロナミンC（トライアル）,4620.0
2024-09-30,商品売上高（4111）,伊藤園お～いお茶・健康ミネラル麦茶ほか,140520.0
2024-09-30,商品売上高（4111）,黒糖・嬉野茶ドーナツ棒,22860.0
2024-09-30,商品売上高（4111）,白菜浅漬け・なす・きゅうりからし漬けの素,3860.0
2024-09-30,商品売上高（4111）,佐賀県産たまねぎスープ・海苔スープ・たまねぎチップ・佐賀牛ポテトチップ・明太子チップ,72630.0
2024-09-30,商品売上高（4111）,粉末うどん・ちゃんぽんスープ,1140.0
2024-09-30,商品売上高（4111）,天ぷら・ちくわほか,23100.0
2024-09-30,商品売上高（4111）,わさびドレッシング・こいくち醬油・カレー,17690.0
2024-09-30,商品売上高（4111）,やまや（明太トースト）,7220.0
2024-09-30,商品売上高（4111）,いきさ屋（豆腐）,53095.0
2024-09-30,商品売上高（4111）,ミルン（ヨーグルト・チーズ・牛乳）,9060.0
2024-09-30,商品売上高（4111）,ソフトクリーム・コーン,1038200.0
2024-09-30,商品売上高（4111）,ゼリー,2160.0
2024-09-30,商品売上高（4111）,ゼリー,2117410.0
2024-09-30,商品売上高（4111）,野菜袋・ソフトクリームカップ（アサヒ）,40745.0
2024-09-30,商品売上高（4111）,中島潔グッズ,2805.0
2024-09-30,商品売上高（4111）,クロネコヤマト宅急便,13660.0
2024-09-30,商品売上高（4111）,宅配料コレクト,3565.0
2024-09-30,商品売上高（4111）,道の駅切符,2520.0
2024-09-30,商品売上高（4111）,連絡線記念指定券,1800.0
2024-09-30,商品売上高（4111）,指定ごみ袋,28300.0
2024-09-30,商品売上高（4111）,粗大ごみ処理券,1400.0
2024-09-30,商品売上高（4111）,チオビタ,1500.0
2024-09-30,商品売上高（4111）,ソフトクリームスプーン,620.0
2024-09-30,商品売上高（4111）,ローソク・線香・マッチ・のし袋・ライター・紙コップ類,50.0
2024-09-30,商品売上高（4111）,アルミ保温保冷バッグ,1440.0
2024-09-30,商品売上高（4111）,レジ袋,13955.0
2024-09-30,商品売上高（4111）,団子花,15800.0
2024-09-30,商品売上高（4111）,あったか銀紙,128160.0
2024-09-30,手数料収入（4112）,風のふるさと館委託販売手数料,2477781.0
2024-09-30,その他の収入（4114）,バーコードラベル代金,32382.0
2024-09-30,その他の収入（4114）,コカ・コーラ自販機手数料,106381.0
2024-09-30,その他の収入（4114）,佐賀富士ベンディング自販機手数料,175375.0
2024-09-30,その他の収入（4114）,テナント使用料,45250.0
2024-09-30,その他の収入（4114）,やきいもキッチンカー出店料,2000.0
2024-09-30,その他の収入（4114）,アイコス実演販売賃借料・・・9月8日,2000.0
2024-09-30,その他の収入（4114）,アイコス実演販売賃借料・・・9月12日,2000.0
2024-09-30,その他の収入（4114）,アイコス実演販売賃借料・・・9月15日,2000.0
2024-09-30,その他の収入（4114）,アイコス実演販売賃借料・・・9月29日,2000.0
2024-09-30,その他の収入（4114）,団子店頭販売賃借料・・・9月19日,6000.0
2024-09-30,その他の収入（4114）,団子店頭販売賃借料・・・9月25日,6000.0
2024-09-30,その他の収入（4114）,ピザキッチンカー出店料,3000.0
2024-09-30,商品仕入高（5211）,野菜・・・辻青果,482680.0
2024-09-30,商品仕入高（5211）,たまご,33696.0
2024-09-30,商品仕入高（5211）,伊藤園お茶ほか・・・9月4日,25764.0
2024-09-30,商品仕入高（5211）,伊藤園お茶ほか・・・9月11日,17470.0
2024-09-30,商品仕入高（5211）,伊藤園お茶ほか・・・9月19日,23276.0
2024-09-30,商品仕入高（5211）,伊藤園お茶ほか・・・9月25日,14670.0
2024-09-30,商品仕入高（5211）,伊藤園お茶ほか・・・10月2日,21014.0
2024-09-30,商品仕入高（5211）,佐賀県産たまねぎスープほか・・・9月15日,57877.0
2024-09-30,商品仕入高（5211）,佐賀県産たまねぎスープほか・・・9月15日,44236.0
2024-09-30,商品仕入高（5211）,からし漬けの素・・・9月8日,7776.0
2024-09-30,商品仕入高（5211）,黒糖ドーナツ棒,27064.0
2024-09-30,商品仕入高（5211）,天ぷら・ちくわほか,20520.0
2024-09-30,商品仕入高（5211）,伊万里ちゃんぽんスープ・・・9月15日,1458.0
2024-09-30,商品仕入高（5211）,唐津くんちカレー・・・9月15日,20509.0
2024-09-30,商品仕入高（5211）,唐津くんちカレー・・・9月22日,31979.0
2024-09-30,商品仕入高（5211）,ジャージーミックスほか,656262.0
2024-09-30,商品仕入高（5211）,ミルン牛乳・ヨーグルトほか,10236.0
2024-09-30,商品仕入高（5211）,明太トースト・・・9月12日,12701.0
2024-09-30,商品仕入高（5211）,いきさ屋豆腐,40666.0
2024-09-30,商品仕入高（5211）,くだものゼリーほか・・・9月8日,1500.0
2024-09-30,商品仕入高（5211）,くだものゼリーほか・・・9月8日,1551354.0
2024-09-30,商品仕入高（5211）,野菜等袋代・・・アサヒ,10560.0
2024-09-30,商品仕入高（5211）,クロネコヤマト宅急便他運賃料,32857.0
2024-09-30,商品仕入高（5211）,ヤマト運輸振込手数料,440.0
2024-09-30,商品仕入高（5211）,ソフトクリーム用スプーン,15950.0
2024-09-30,商品仕入高（5211）,指定ごみ袋,36000.0
2024-09-30,商品仕入高（5211）,粗大ごみ処理券,2700.0
2024-09-30,商品仕入高（5211）,バーコードラベル代,82280.0
2024-09-30,商品仕入高（5211）,団子花,11600.0
2024-09-30,商品仕入高（5211）,団子花,192387.0
2024-09-30,販売員給与（6111）,パート（９名）,869240.0
2024-09-30,広告宣伝費（6113）,第26回厳木町中島山笠祭協賛金,5000.0
2024-09-30,役員報酬（6211）,役員給与（１名）,250000.0
2024-09-30,従業員給与（6212）,従業員給与（１名）,196500.0
2024-09-30,法定福利費（6312）,唐津社会保険事務所社会保険料,132077.0
2024-09-30,事務用消耗品費（6217）,電子複写機コピー代,3065.0
2024-09-30,事務用消耗品費（6217）,名刺用紙代,220.0
2024-09-30,事務用消耗品費（6217）,修正テープ代,220.0
2024-09-30,事務用消耗品費（6217）,領収証代,129.0
2024-09-30,事務用消耗品費（6217）,インボイス番号ゴム印,605.0
2024-09-30,通信交通費（6218）,ＮＴＴファイナンス通話料,11250.0
2024-09-30,通信交通費（6218）,インターネットプロバイダー料,22000.0
2024-09-30,通信交通費（6218）,切手代,840.0
2024-09-30,租税公課費（6221）,収入印紙代,2000.0
2024-09-30,備品・消耗品費（6225）,トイレットペーパー代・・・9月8日,7920.0
2024-09-30,備品・消耗品費（6225）,トイレットペーパー代・・・9月15日,7920.0
2024-09-30,備品・消耗品費（6225）,トイレットペーパー代・・・9月22日,7920.0
2024-09-30,備品・消耗品費（6225）,トイレットペーパー代・・・9月29日,7920.0
2024-09-30,備品・消耗品費（6225）,クモの巣ジェット代,1379.0
2024-09-30,備品・消耗品費（6225）,割箸代,1116.0
2024-09-30,備品・消耗品費（6225）,蒸したまご用袋代,13420.0
2024-09-30,備品・消耗品費（6225）,シャボネット代,3980.0
2024-09-30,備品・消耗品費（6225）,ペーパータオル代,4035.0
2024-09-30,運営管理諸費（6227A）,くすもと税理士事務所顧問報酬,55000.0
2024-09-30,運営管理諸費（6227A）,ふるさとシステム・インボイス対応費用,830500.0
2024-09-30,施設管理諸費（6227B）,中央警備保障機械警備料,37400.0
2024-09-30,施設管理諸費（6227B）,クリーン・リース代,3740.0
2024-09-30,施設管理諸費（6227B）,塵芥収集運搬料,60500.0
2024-09-30,施設管理諸費（6227B）,草払い処理業務,35200.0
2024-09-30,車両費（6228）,ガソリン代・・・JA唐津厳木SS・・・9月8日,3000.0
2024-09-30,車両費（6228）,ガソリン代・・・ENEOS・・・9月19日,3000.0
2024-09-30,車両費（6228）,ガソリン代・・・JA唐津厳木SS・・・10月2日,2000.0
2024-09-30,リース料（6234）,ソフトサーバーリース代,15510.0
2024-09-30,雑費(6231),コカ・コーラ振込手数料・・・9月18日分,660.0
2024-09-30,雑費(6231),振込手数料（牛津かまぼこ）,275.0
2024-09-30,雑費(6231),振込手数料（やまや）,275.0
2024-09-30,雑費(6231),振込手数料（コロンブスかわの）,110.0
2024-09-30,雑費(6231),食品衛生責任者講習会受講料,1100.0
2024-09-30,雑費(6231),JAバンクアンサーサービス手数料,1100.0
2024-09-30,雑収入（7118）,雇用保険料預り（８月分）,5423.0
2024-10-31,商品売上高（4111）,野菜等,876155.0
2024-10-31,商品売上高（4111）,温泉たまご,81690.0
2024-10-31,商品売上高（4111）,あら塩・灘の塩（食塩）,3090.0
2024-10-31,商品売上高（4111）,オロナミンC（トライアル）,5060.0
2024-10-31,商品売上高（4111）,伊藤園お～いお茶・健康ミネラル麦茶ほか,153440.0
2024-10-31,商品売上高（4111）,黒糖・嬉野茶ドーナツ棒,18190.0
2024-10-31,商品売上高（4111）,白菜浅漬け・なす・きゅうりからし漬けの素,3520.0
2024-10-31,商品売上高（4111）,佐賀県産たまねぎスープ・海苔スープ・たまねぎチップ・佐賀牛ポテトチップ・明太子チップ,83440.0
2024-10-31,商品売上高（4111）,粉末うどん・ちゃんぽんスープ,860.0
2024-10-31,商品売上高（4111）,天ぷら・ちくわほか,25720.0
2024-10-31,商品売上高（4111）,わさびドレッシング・こいくち醬油・カレー,65215.0
2024-10-31,商品売上高（4111）,やまや（明太トースト）,9880.0
2024-10-31,商品売上高（4111）,いきさ屋（豆腐）,56240.0
2024-10-31,商品売上高（4111）,ミルン（ヨーグルト・チーズ・牛乳）,12725.0
2024-10-31,商品売上高（4111）,ソフトクリーム・コーン,1008950.0
2024-10-31,商品売上高（4111）,キムチたけのこほか,2404175.0
2024-10-31,商品売上高（4111）,野菜袋・ソフトクリームカップ（アサヒ）,53840.0
2024-10-31,商品売上高（4111）,中島潔グッズ,44490.0
2024-10-31,商品売上高（4111）,クロネコヤマト宅急便,17605.0
2024-10-31,商品売上高（4111）,宅配料コレクト,18730.0
2024-10-31,商品売上高（4111）,道の駅切符,2340.0
2024-10-31,商品売上高（4111）,連絡線記念指定券,800.0
2024-10-31,商品売上高（4111）,指定ごみ袋,31100.0
2024-10-31,商品売上高（4111）,粗大ごみ処理券,3570.0
2024-10-31,商品売上高（4111）,チオビタ,3700.0
2024-10-31,商品売上高（4111）,ソフトクリームスプーン,290.0
2024-10-31,商品売上高（4111）,ローソク・線香・マッチ・のし袋・ライター・紙コップ類,470.0
2024-10-31,商品売上高（4111）,アルミ保温保冷バッグ,1120.0
2024-10-31,商品売上高（4111）,レジ袋,15935.0
2024-10-31,商品売上高（4111）,あったか銀紙,193990.0
2024-10-31,手数料収入（4112）,風のふるさと館委託販売手数料,2851155.0
2024-10-31,その他の収入（4114）,バーコードラベル代金,37196.0
2024-10-31,その他の収入（4114）,コカ・コーラ自販機手数料,87136.0
2024-10-31,その他の収入（4114）,アルミ缶売却料,7500.0
2024-10-31,その他の収入（4114）,テナント使用料,45250.0
2024-10-31,その他の収入（4114）,テナント電気料,43907.0
2024-10-31,その他の収入（4114）,テナント水道料,44107.0
2024-10-31,その他の収入（4114）,やきいもキッチンカー出店料・・・10月20日,2000.0
2024-10-31,その他の収入（4114）,アイコス実演販売賃借料・・・10月6日,2000.0
2024-10-31,その他の収入（4114）,団子店頭販売賃借料・・・10月6日,12000.0
2024-10-31,その他の収入（4114）,団子店頭販売賃借料・・・10月30日,12000.0
2024-10-31,その他の収入（4114）,ピザキッチンカー出店料・・・10月30日,3000.0
2024-10-31,その他の収入（4114）,カラフルPay商品券引換手数料,13695.0
2024-10-31,商品仕入高（5211）,野菜・・・辻青果,654808.0
2024-10-31,商品仕入高（5211）,たまご,37908.0
2024-10-31,商品仕入高（5211）,オロナミンC（トライアル）・・・10月16日,7990.0
2024-10-31,商品仕入高（5211）,伊藤園お茶ほか・・・10月10日,31259.0
2024-10-31,商品仕入高（5211）,伊藤園お茶ほか・・・10月16日,20908.0
2024-10-31,商品仕入高（5211）,伊藤園お茶ほか・・・10月23日,24753.0
2024-10-31,商品仕入高（5211）,伊藤園お茶ほか・・・10月30日,39286.0
2024-10-31,商品仕入高（5211）,佐賀牛ポテトチップほか・・・10月20日,45576.0
2024-10-31,商品仕入高（5211）,黒糖ドーナツ棒,27064.0
2024-10-31,商品仕入高（5211）,天ぷら・ちくわほか,22204.0
2024-10-31,商品仕入高（5211）,わさびドレッシングほか・・・10月20日,13392.0
2024-10-31,商品仕入高（5211）,ジャージーミックスほか,707940.0
2024-10-31,商品仕入高（5211）,ミルン牛乳・ヨーグルトほか,8682.0
2024-10-31,商品仕入高（5211）,いきさ屋豆腐,43127.0
2024-10-31,商品仕入高（5211）,いきさ屋豆腐,1684897.0
2024-10-31,商品仕入高（5211）,野菜等袋代・・・アサヒ,66066.0
2024-10-31,商品仕入高（5211）,クロネコヤマト宅急便他運賃料,21604.0
2024-10-31,商品仕入高（5211）,ヤマト運輸振込手数料,550.0
2024-10-31,商品仕入高（5211）,ソフトクリーム用スプーン,9570.0
2024-10-31,商品仕入高（5211）,指定ごみ袋,28800.0
2024-10-31,商品仕入高（5211）,アルミ保温保冷バッグ,1430.0
2024-10-31,商品仕入高（5211）,チオビタドリンク・・・10月16日,3474.0
2024-10-31,商品仕入高（5211）,チオビタドリンク・・・10月16日,131494.0
2024-10-31,販売員給与（6111）,パート（９名）,942920.0
2024-10-31,役員報酬（6211）,役員給与（１名）,250000.0
2024-10-31,従業員給与（6212）,従業員給与（１名）,205100.0
2024-10-31,法定福利費（6312）,唐津社会保険事務所社会保険料,136299.0
2024-10-31,厚生費（6226）,健康診断受診料,6700.0
2024-10-31,事務用消耗品費（6217）,電子複写機コピー代,2912.0
2024-10-31,事務用消耗品費（6217）,金庫用単三電池代,398.0
2024-10-31,事務用消耗品費（6217）,コピー用紙代,2640.0
2024-10-31,通信交通費（6218）,ＮＴＴファイナンス通話料,12623.0
2024-10-31,水道光熱費（6219）,電気料金,373857.0
2024-10-31,水道光熱費（6219）,水道料金,69227.0
2024-10-31,接待交際費（6223）,役員会飲み物代,750.0
2024-10-31,備品・消耗品費（6225）,トイレットペーパー代・・・10月10日,7920.0
2024-10-31,備品・消耗品費（6225）,トイレットペーパー代・・・10月20日,7920.0
2024-10-31,備品・消耗品費（6225）,トイレットペーパー代・・・10月30日,7920.0
2024-10-31,備品・消耗品費（6225）,シャボネットほか代,9827.0
2024-10-31,備品・消耗品費（6225）,クイックルワイパーハンディー代,499.0
2024-10-31,備品・消耗品費（6225）,ソフトカップディスペンサーほか代,4727.0
2024-10-31,備品・消耗品費（6225）,外掃除用ほうき代,1608.0
2024-10-31,備品・消耗品費（6225）,トイレマジックリン代,3830.0
2024-10-31,備品・消耗品費（6225）,歩道花飾り用土代,1794.0
2024-10-31,備品・消耗品費（6225）,ディスプレイ用テグス代,420.0
2024-10-31,備品・消耗品費（6225）,歩道飾り用花苗代,6000.0
2024-10-31,備品・消耗品費（6225）,蒸したまご用セイロ桶ほか代,17337.0
2024-10-31,備品・消耗品費（6225）,掃除機ノズル代,3051.0
2024-10-31,備品・消耗品費（6225）,コマンドフック代,1314.0
2024-10-31,備品・消耗品費（6225）,歩道飾り用花種代,660.0
2024-10-31,運営管理諸費（6227A）,くすもと税理士事務所顧問報酬,55000.0
2024-10-31,施設管理諸費（6227B）,中央警備保障機械警備料,37400.0
2024-10-31,施設管理諸費（6227B）,クリーン・リース代,2662.0
2024-10-31,施設管理諸費（6227B）,塵芥収集運搬料,60500.0
2024-10-31,施設管理諸費（6227B）,草払い処理業務,41800.0
2024-10-31,車両費（6228）,ハイゼットあいおいニッセイ同和損害保険自動車保険料,73340.0
2024-10-31,車両費（6228）,ガソリン代・・・JA唐津厳木SS・・・10月13日,3000.0
2024-10-31,車両費（6228）,ガソリン代・・・JA唐津厳木SS・・・10月27日,3000.0
2024-10-31,リース料（6234）,ソフトサーバーリース代,15510.0
2024-10-31,雑費(6231),コカ・コーラ振込手数料・・・10月18日分,660.0
2024-10-31,雑費(6231),JAバンクアンサーサービス手数料,1100.0
2024-10-31,雑費(6231),佐賀富士ベンディング振込手数料,660.0
2024-10-31,雑費(6231),振込手数料（牛津かまぼこ）,275.0
2024-10-31,雑費(6231),振込手数料（電気料）,440.0
2024-10-31,雑収入（7118）,雇用保険料預り（９月分）,5488.0
2024-11-30,商品売上高（4111）,野菜等,689610.0
2024-11-30,商品売上高（4111）,温泉たまご,92400.0
2024-11-30,商品売上高（4111）,あら塩・灘の塩（食塩）,1150.0
2024-11-30,商品売上高（4111）,オロナミンC（トライアル）,2970.0
2024-11-30,商品売上高（4111）,伊藤園お～いお茶・健康ミネラル麦茶ほか,182680.0
2024-11-30,商品売上高（4111）,黒糖・嬉野茶ドーナツ棒,34860.0
2024-11-30,商品売上高（4111）,白菜浅漬け・なす・きゅうりからし漬けの素,5630.0
2024-11-30,商品売上高（4111）,佐賀県産たまねぎスープ・海苔スープ・たまねぎチップ・佐賀牛ポテトチップ・明太子チップ,103050.0
2024-11-30,商品売上高（4111）,粉末うどん・ちゃんぽんスープ,850.0
2024-11-30,商品売上高（4111）,天ぷら・ちくわほか,25495.0
2024-11-30,商品売上高（4111）,わさびドレッシング・こいくち醬油・カレー,19455.0
2024-11-30,商品売上高（4111）,やまや（明太トースト）,3040.0
2024-11-30,商品売上高（4111）,いきさ屋（豆腐）,50160.0
2024-11-30,商品売上高（4111）,ミルン（ヨーグルト・チーズ・牛乳）,10660.0
2024-11-30,商品売上高（4111）,ソフトクリーム・コーン,831600.0
2024-11-30,商品売上高（4111）,くりあん玉,6160.0
2024-11-30,商品売上高（4111）,くりあん玉,2059770.0
2024-11-30,商品売上高（4111）,野菜袋・ソフトクリームカップ（アサヒ）,59720.0
2024-11-30,商品売上高（4111）,中島潔グッズ,107145.0
2024-11-30,商品売上高（4111）,クロネコヤマト宅急便,21895.0
2024-11-30,商品売上高（4111）,宅配料コレクト,3680.0
2024-11-30,商品売上高（4111）,道の駅切符,4680.0
2024-11-30,商品売上高（4111）,連絡線記念指定券,2000.0
2024-11-30,商品売上高（4111）,指定ごみ袋,25300.0
2024-11-30,商品売上高（4111）,粗大ごみ処理券,1620.0
2024-11-30,商品売上高（4111）,チオビタ,2300.0
2024-11-30,商品売上高（4111）,ソフトクリームスプーン,770.0
2024-11-30,商品売上高（4111）,キティちゃんグッズ,840.0
2024-11-30,商品売上高（4111）,ローソク・線香・マッチ・のし袋・ライター・紙コップ類,170.0
2024-11-30,商品売上高（4111）,アルミ保温保冷バッグ,1120.0
2024-11-30,商品売上高（4111）,レジ袋,18630.0
2024-11-30,商品売上高（4111）,あったか銀紙,249870.0
2024-11-30,手数料収入（4112）,風のふるさと館委託販売手数料,3209350.0
2024-11-30,その他の収入（4114）,バーコードラベル代金,39957.0
2024-11-30,その他の収入（4114）,コカ・コーラ自販機手数料,85104.0
2024-11-30,その他の収入（4114）,テナント使用料,45250.0
2024-11-30,その他の収入（4114）,テナント電気料,37169.0
2024-11-30,その他の収入（4114）,やきいもキッチンカー出店料・・・11月10日,2000.0
2024-11-30,その他の収入（4114）,やきいもキッチンカー出店料・・・11月24日,2000.0
2024-11-30,その他の収入（4114）,団子店頭販売賃借料・・・11月6日,12000.0
2024-11-30,その他の収入（4114）,団子店頭販売賃借料・・・11月10日,3000.0
2024-11-30,その他の収入（4114）,団子店頭販売賃借料・・・11月13日,9000.0
2024-11-30,その他の収入（4114）,団子店頭販売賃借料・・・11月24日,12000.0
2024-11-30,その他の収入（4114）,団子店頭販売賃借料・・・11月27日,12000.0
2024-11-30,その他の収入（4114）,団子店頭販売賃借料・・・11月30日,3000.0
2024-11-30,その他の収入（4114）,ピザキッチンカー出店料・・・11月10日,3000.0
2024-11-30,商品仕入高（5211）,野菜・・・辻青果,484224.0
2024-11-30,商品仕入高（5211）,たまご,42120.0
2024-11-30,商品仕入高（5211）,伊藤園お茶ほか・・・11月6日,19388.0
2024-11-30,商品仕入高（5211）,伊藤園お茶ほか・・・11月13日,27449.0
2024-11-30,商品仕入高（5211）,伊藤園お茶ほか・・・11月20日,52174.0
2024-11-30,商品仕入高（5211）,伊藤園お茶ほか・・11月27日,28375.0
2024-11-30,商品仕入高（5211）,粉末うどんちゃんぽんスープ・・・11月27日,4487.0
2024-11-30,商品仕入高（5211）,佐賀牛ポテトチップほか・・・11月20日,47844.0
2024-11-30,商品仕入高（5211）,黒糖ドーナツ棒,27064.0
2024-11-30,商品仕入高（5211）,天ぷら・ちくわほか,27756.0
2024-11-30,商品仕入高（5211）,わさびドレッシングほか・・・11月24日,13354.0
2024-11-30,商品仕入高（5211）,ジャージーミックスほか,610772.0
2024-11-30,商品仕入高（5211）,いきさ屋豆腐,42612.0
2024-11-30,商品仕入高（5211）,いきさ屋豆腐,1427619.0
2024-11-30,商品仕入高（5211）,野菜等袋代・・・アサヒ,75372.0
2024-11-30,商品仕入高（5211）,クロネコヤマト宅急便他運賃料,37246.0
2024-11-30,商品仕入高（5211）,ヤマト運輸振込手数料,400.0
2024-11-30,商品仕入高（5211）,指定ごみ袋,67500.0
2024-11-30,商品仕入高（5211）,粗大ごみ処理券,8000.0
2024-11-30,商品仕入高（5211）,中島潔グッズ,38492.0
2024-11-30,商品仕入高（5211）,中島潔グッズ宅急便配送料,1950.0
2024-11-30,商品仕入高（5211）,ライター,220.0
2024-11-30,商品仕入高（5211）,のし袋,237.0
2024-11-30,商品仕入高（5211）,段ボール,212234.0
2024-11-30,商品仕入高（5211）,7/18仕入分戻入れ,-21044.0
2024-11-30,商品仕入高（5211）,7/18仕入分戻入れ,420607.0
2024-11-30,販売員給与（6111）,パート（９名）,923170.0
2024-11-30,広告宣伝費（6113）,Googleストリートビュー契約料ほか,55000.0
2024-11-30,広告宣伝費（6113）,売出試食用弁当代,1500.0
2024-11-30,容器包装費（6114）,レジ袋代,94902.0
2024-11-30,事業費（6116T）,感謝祭用ふかし布代,1594.0
2024-11-30,事業費（6116T）,感謝祭用もちとり粉代,1580.0
2024-11-30,事業費（6116T）,感謝祭用ふかしネット代,3619.0
2024-11-30,事業費（6116T）,感謝祭用割箸ほか代,5864.0
2024-11-30,事業費（6116T）,感謝祭用ふかし布代,2688.0
2024-11-30,事業費（6116T）,感謝祭ぜんざい用中双糖代,1196.0
2024-11-30,役員報酬（6211）,役員給与（１名）,250000.0
2024-11-30,役員報酬（6211）,役員報酬（4名）,280000.0
2024-11-30,従業員給与（6212）,従業員給与（１名）,205100.0
2024-11-30,法定福利費（6312）,唐津社会保険事務所社会保険料,136299.0
2024-11-30,厚生費（6226）,特定健診代,1232.0
2024-11-30,厚生費（6226）,インフルエンザ予防接種代,29700.0
2024-11-30,修繕費（6216）,テナントトイレ取替工事,100000.0
2024-11-30,事務用消耗品費（6217）,電子複写機コピー代,3263.0
2024-11-30,事務用消耗品費（6217）,チューブファイル代,2640.0
2024-11-30,事務用消耗品費（6217）,領収書代,258.0
2024-11-30,通信交通費（6218）,ＮＴＴファイナンス通話料,11479.0
2024-11-30,水道光熱費（6219）,電気料金,285402.0
2024-11-30,租税公課費（6221）,消費税及び地方消費税（中間申告）,738300.0
2024-11-30,接待交際費（6223）,役員会議食事代,20600.0
2024-11-30,備品・消耗品費（6225）,トイレットペーパー代・・・11月10日,7920.0
2024-11-30,備品・消耗品費（6225）,トイレットペーパー代・・・11月17日,7920.0
2024-11-30,備品・消耗品費（6225）,トイレットペーパー代・・・11月24日,7920.0
2024-11-30,備品・消耗品費（6225）,トイレットペーパー代・・・11月30日,7920.0
2024-11-30,備品・消耗品費（6225）,ペーパータオル代,7176.0
2024-11-30,備品・消耗品費（6225）,粉末消火器１０型法定分薬剤詰替え代,6050.0
2024-11-30,備品・消耗品費（6225）,布テープほか代,2228.0
2024-11-30,備品・消耗品費（6225）,売出用コインケース代,495.0
2024-11-30,備品・消耗品費（6225）,ディスプレイ棚作製代,20900.0
2024-11-30,備品・消耗品費（6225）,レジロール紙代,19360.0
2024-11-30,備品・消耗品費（6225）,道の駅スタンプ補充インク代,495.0
2024-11-30,運営管理諸費（6227A）,くすもと税理士事務所顧問報酬,55000.0
2024-11-30,施設管理諸費（6227B）,中央警備保障機械警備料,37400.0
2024-11-30,施設管理諸費（6227B）,クリーン・リース代,2662.0
2024-11-30,施設管理諸費（6227B）,塵芥収集運搬料,60500.0
2024-11-30,施設管理諸費（6227B）,消防設備保守点検業務（第2回目）,17050.0
2024-11-30,施設管理諸費（6227B）,自動ドア装置保守点検業務,13200.0
2024-11-30,施設管理諸費（6227B）,衛生害虫駆除業務,10395.0
2024-11-30,車両費（6228）,ガソリン代・・・JA唐津厳木SS・・・11月6日,2500.0
2024-11-30,車両費（6228）,ガソリン代・・・JA唐津厳木SS・・・11月30日,3000.0
2024-11-30,リース料（6234）,ソフトサーバーリース代,15510.0
2024-11-30,雑費(6231),コカ・コーラ振込手数料・・・11月18日分,660.0
2024-11-30,雑費(6231),JAバンクアンサーサービス手数料,1100.0
2024-11-30,雑費(6231),振込手数料（牛津かまぼこ）,275.0
2024-11-30,雑費(6231),振込手数料（GP360）,440.0
2024-11-30,雑費(6231),振込手数料（アートカフェ）,440.0
2024-11-30,雑収入（7118）,雇用保険料預り（10月分）,5809.0
2024-12-31,商品売上高（4111）,野菜等,673300.0
2024-12-31,商品売上高（4111）,温泉たまご,98230.0
2024-12-31,商品売上高（4111）,あら塩・灘の塩（食塩）,1260.0
2024-12-31,商品売上高（4111）,オロナミンC（トライアル）,2090.0
2024-12-31,商品売上高（4111）,伊藤園お～いお茶・健康ミネラル麦茶ほか,99630.0
2024-12-31,商品売上高（4111）,黒糖・嬉野茶ドーナツ棒,23680.0
2024-12-31,商品売上高（4111）,白菜浅漬け・なす・きゅうりからし漬けの素,360.0
2024-12-31,商品売上高（4111）,佐賀県産たまねぎスープ・海苔スープ・たまねぎチップ・佐賀牛ポテトチップ,57990.0
2024-12-31,商品売上高（4111）,粉末うどん・ちゃんぽんスープ,1140.0
2024-12-31,商品売上高（4111）,天ぷら・ちくわほか,37500.0
2024-12-31,商品売上高（4111）,わさびドレッシング・こいくち醬油・カレー,17705.0
2024-12-31,商品売上高（4111）,やまや（明太トースト）,760.0
2024-12-31,商品売上高（4111）,いきさ屋（豆腐）,49655.0
2024-12-31,商品売上高（4111）,ミルン（ヨーグルト・チーズ・牛乳）,9545.0
2024-12-31,商品売上高（4111）,ソフトクリーム・コーン,390800.0
2024-12-31,商品売上高（4111）,栗あん玉,-6160.0
2024-12-31,商品売上高（4111）,小餅,74250.0
2024-12-31,商品売上高（4111）,小餅,1531735.0
2024-12-31,商品売上高（4111）,野菜袋・ソフトクリームカップ（アサヒ）,57335.0
2024-12-31,商品売上高（4111）,中島潔グッズ,53585.0
2024-12-31,商品売上高（4111）,クロネコヤマト宅急便,48045.0
2024-12-31,商品売上高（4111）,宅配料コレクト,4625.0
2024-12-31,商品売上高（4111）,道の駅切符,1800.0
2024-12-31,商品売上高（4111）,連絡線記念指定券,200.0
2024-12-31,商品売上高（4111）,指定ごみ袋,22200.0
2024-12-31,商品売上高（4111）,粗大ごみ処理券,4400.0
2024-12-31,商品売上高（4111）,チオビタ,1100.0
2024-12-31,商品売上高（4111）,ソフトクリームスプーン,450.0
2024-12-31,商品売上高（4111）,ローソク・線香・マッチ・のし袋・ライター・紙コップ・カイロ,560.0
2024-12-31,商品売上高（4111）,アルミ保温保冷バッグ,320.0
2024-12-31,商品売上高（4111）,レジ袋,14175.0
2024-12-31,商品売上高（4111）,段ボール,3440.0
2024-12-31,商品売上高（4111）,しめ縄,60000.0
2024-12-31,商品売上高（4111）,しめ縄,272235.0
2024-12-31,手数料収入（4112）,風のふるさと館委託販売手数料,2552810.0
2024-12-31,その他の収入（4114）,バーコードラベル代金,35099.0
2024-12-31,その他の収入（4114）,コカ・コーラ自販機手数料,86266.0
2024-12-31,その他の収入（4114）,佐賀富士ベンディング自販機手数料,169527.0
2024-12-31,その他の収入（4114）,テナント使用料,45250.0
2024-12-31,その他の収入（4114）,テナント電気料,30790.0
2024-12-31,その他の収入（4114）,テナント水道料,40148.0
2024-12-31,その他の収入（4114）,やきいもキッチンカー出店料・・・12月15日,2000.0
2024-12-31,その他の収入（4114）,アイコス実演販売賃借料・・・12月15日,2000.0
2024-12-31,その他の収入（4114）,団子店頭販売賃借料・・・12月4日,3000.0
2024-12-31,その他の収入（4114）,団子店頭販売賃借料・・・12月25日,6000.0
2024-12-31,その他の収入（4114）,ピザキッチンカー出店料・・・12月4日,3000.0
2024-12-31,その他の収入（4114）,ピザキッチンカー出店料・・・12月15日,3000.0
2024-12-31,その他の収入（4114）,ピザキッチンカー出店料・・・12月29日,3000.0
2024-12-31,商品仕入高（5211）,野菜・・・辻青果,517497.0
2024-12-31,商品仕入高（5211）,花・・・辻青果,7260.0
2024-12-31,商品仕入高（5211）,たまご,46332.0
2024-12-31,商品仕入高（5211）,伊藤園お茶ほか・・・12月21日,23561.0
2024-12-31,商品仕入高（5211）,伊藤園お茶ほか・・・12月11日,26643.0
2024-12-31,商品仕入高（5211）,伊藤園お茶ほか・・・12月18日,17832.0
2024-12-31,商品仕入高（5211）,伊藤園お茶ほか・・・12月22日,26217.0
2024-12-31,商品仕入高（5211）,伊藤園お茶ほか・・・12月29日,11067.0
2024-12-31,商品仕入高（5211）,佐賀牛ポテトチップほか・・・12月15日,65426.0
2024-12-31,商品仕入高（5211）,黒糖ドーナツ棒,27064.0
2024-12-31,商品仕入高（5211）,天ぷら・ちくわほか,30931.0
2024-12-31,商品仕入高（5211）,ジャージーミックスほか,235905.0
2024-12-31,商品仕入高（5211）,ミルン牛乳・ヨーグルトほか・・・11月分,9072.0
2024-12-31,商品仕入高（5211）,ミルン牛乳・ヨーグルトほか,7732.0
2024-12-31,商品仕入高（5211）,いきさ屋豆腐,36734.0
2024-12-31,商品仕入高（5211）,いきさ屋豆腐,1089273.0
2024-12-31,商品仕入高（5211）,野菜等袋代・・・アサヒ,41140.0
2024-12-31,商品仕入高（5211）,クロネコヤマト宅急便他運賃料,48939.0
2024-12-31,商品仕入高（5211）,ヤマト運輸振込手数料,400.0
2024-12-31,商品仕入高（5211）,ソフトクリーム用スプーン,9570.0
2024-12-31,商品仕入高（5211）,バーコードラベル,120450.0
2024-12-31,商品仕入高（5211）,アルミ保温保冷バッグ,1650.0
2024-12-31,商品仕入高（5211）,中島潔カレンダー,124509.0
2024-12-31,商品仕入高（5211）,しめ縄代,42900.0
2024-12-31,商品仕入高（5211）,段ボール,389558.0
2024-12-31,販売員給与（6111）,パート（９名）,938915.0
2024-12-31,広告宣伝費（6113）,ハイウェイマップ広告掲載料,88000.0
2024-12-31,容器包装費（6114）,タイミーパック代,11121.0
2024-12-31,事業費（6116T）,感謝祭景品代,5155.0
2024-12-31,事業費（6116T）,感謝祭用割箸代,1320.0
2024-12-31,事業費（6116T）,感謝祭餅つき用杵代,4378.0
2024-12-31,事業費（6116T）,感謝祭ぜんざい用小豆代,3000.0
2024-12-31,事業費（6116T）,感謝祭用かまど代,6600.0
2024-12-31,事業費（6116T）,感謝祭用ゴム手袋ほか代,2004.0
2024-12-31,事業費（6116T）,感謝祭用ロープほか代,5796.0
2024-12-31,事業費（6116T）,感謝祭景品用みかん代,6250.0
2024-12-31,事業費（6116T）,感謝祭時協力者昼食代,21000.0
2024-12-31,事業費（6116T）,感謝祭時協力者昼食代,1440.0
2024-12-31,事業費（6116T）,感謝祭時協力者昼食代,5700.0
2024-12-31,事業費（6116T）,感謝祭時もち米代,25000.0
2024-12-31,事業費（6116T）,感謝祭時ガス・コンロ貸出し料,8030.0
2024-12-31,事業費（6116T）,感謝祭ぜんざい用どんぶり代,3872.0
2024-12-31,事業費（6116T）,エフエム佐賀CMスポット電波・制作料,113300.0
2024-12-31,役員報酬（6211）,役員給与（１名）,250000.0
2024-12-31,役員報酬（6211）,役員賞与（１名）,250000.0
2024-12-31,従業員給与（6212）,従業員給与（１名）,205100.0
2024-12-31,従業員賞与（6213）,従業員賞与（１名）,280000.0
2024-12-31,販売員賞与（6213）,パート賞与（９名）,942500.0
2024-12-31,法定福利費（6312）,唐津社会保険事務所社会保険料,136299.0
2024-12-31,厚生費（6226）,生活習慣病予防健診料,5282.0
2024-12-31,修繕費（6216）,ソフトクリームサーバーパッキンセット代,5170.0
2024-12-31,事務用消耗品費（6217）,電子複写機コピー代,3549.0
2024-12-31,事務用消耗品費（6217）,コピー用紙代,2640.0
2024-12-31,事務用消耗品費（6217）,請求書代,598.0
2024-12-31,事務用消耗品費（6217）,名刺用台紙,110.0
2024-12-31,事務用消耗品費（6217）,単2電池代,1374.0
2024-12-31,事務用消耗品費（6217）,修正テープほか代,1001.0
2024-12-31,通信交通費（6218）,ＮＴＴファイナンス通話料,11831.0
2024-12-31,水道光熱費（6219）,電気料金,249100.0
2024-12-31,水道光熱費（6219）,水道料金,59675.0
2024-12-31,備品・消耗品費（6225）,トイレットペーパー代・・・12月8日,7920.0
2024-12-31,備品・消耗品費（6225）,トイレットペーパー代・・・12月22日,7920.0
2024-12-31,備品・消耗品費（6225）,トイレットペーパー代・・・1月5日,7920.0
2024-12-31,備品・消耗品費（6225）,ポリエチレン手袋代,770.0
2024-12-31,備品・消耗品費（6225）,セロテープほか代,4734.0
2024-12-31,備品・消耗品費（6225）,気泡緩衝材代,1480.0
2024-12-31,備品・消耗品費（6225）,ハンドソープ代,327.0
2024-12-31,備品・消耗品費（6225）,クリスマス飾り代,770.0
2024-12-31,備品・消耗品費（6225）,売出用テーブル代,15356.0
2024-12-31,備品・消耗品費（6225）,ミストポンプ代,330.0
2024-12-31,備品・消耗品費（6225）,ハンドソープ詰替えほか代,744.0
2024-12-31,備品・消耗品費（6225）,日付シャチハタ補充インク代,383.0
2024-12-31,備品・消耗品費（6225）,ホットショーケース（頭金）代,40000.0
2024-12-31,備品・消耗品費（6225）,ぺーバーレンガ代,2560.0
2024-12-31,備品・消耗品費（6225）,折りたたみ作業台代,10800.0
2024-12-31,備品・消耗品費（6225）,ホウキほか代,2046.0
2024-12-31,備品・消耗品費（6225）,ソフトクリーム用アルコールスプレー代,5445.0
2024-12-31,備品・消耗品費（6225）,のぼりポールほか代,15439.0
2024-12-31,運営管理諸費（6227A）,くすもと税理士事務所顧問報酬,55000.0
2024-12-31,施設管理諸費（6227B）,中央警備保障機械警備料,37400.0
2024-12-31,施設管理諸費（6227B）,クリーン・リース代,2662.0
2024-12-31,施設管理諸費（6227B）,塵芥収集運搬料,60500.0
2024-12-31,施設管理諸費（6227B）,焼き芋釜電源工事代,19000.0
2024-12-31,施設管理諸費（6227B）,浄化槽法定検査手数料,8000.0
2024-12-31,施設管理諸費（6227B）,空調点検後期,91300.0
2024-12-31,車両費（6228）,ガソリン代・・・江頭火薬石油・・・12月15日,3000.0
2024-12-31,車両費（6228）,ガソリン代・・・JA唐津厳木SS・・・12月29日,3000.0
2024-12-31,車両費（6228）,ハイゼット法定点検代,61990.0
2024-12-31,車両費（6228）,ハイゼット法定点検代自賠責保険,17540.0
2024-12-31,車両費（6228）,ハイゼット法定点検代重量税・印紙税,8800.0
2024-12-31,リース料（6234）,ソフトサーバーリース代,15510.0
2024-12-31,雑費(6231),コカ・コーラ振込手数料・・・12月18日分,660.0
2024-12-31,雑費(6231),JAバンクアンサーサービス手数料,1100.0
2024-12-31,雑費(6231),振込手数料（牛津かまぼこ）,275.0
2024-12-31,雑費(6231),振込手数料（英公社）,440.0
2024-12-31,雑費(6231),神宮大麻・天山神社御神札・符料,2200.0
2024-12-31,雑収入（7118）,雇用保険料預り（11月分）,5681.0
2024-12-31,雑収入（7118）,雇用保険料預り（賞与分）,6870.0
2025-01-31,商品売上高（4111）,野菜等,594105.0
2025-01-31,商品売上高（4111）,温泉たまご,89705.0
2025-01-31,商品売上高（4111）,あら塩・灘の塩（食塩）,1870.0
2025-01-31,商品売上高（4111）,オロナミンC（トライアル）,1210.0
2025-01-31,商品売上高（4111）,伊藤園お～いお茶・健康ミネラル麦茶ほか,91450.0
2025-01-31,商品売上高（4111）,黒糖・嬉野茶ドーナツ棒,18785.0
2025-01-31,商品売上高（4111）,佐賀県産たまねぎスープ・海苔スープ・たまねぎチップ・佐賀牛ポテトチップ,38160.0
2025-01-31,商品売上高（4111）,粉末うどん・ちゃんぽんスープ,1140.0
2025-01-31,商品売上高（4111）,天ぷら・ちくわほか,23660.0
2025-01-31,商品売上高（4111）,わさびドレッシング・こいくち醬油・カレー,18220.0
2025-01-31,商品売上高（4111）,いきさ屋（豆腐）,40800.0
2025-01-31,商品売上高（4111）,ミルン（ヨーグルト・チーズ・牛乳）,6405.0
2025-01-31,商品売上高（4111）,ソフトクリーム・コーン,343700.0
2025-01-31,商品売上高（4111）,焼き芋,266620.0
2025-01-31,商品売上高（4111）,焼き芋,1535830.0
2025-01-31,商品売上高（4111）,野菜袋・ソフトクリームカップ（アサヒ）,30475.0
2025-01-31,商品売上高（4111）,中島潔グッズ,19675.0
2025-01-31,商品売上高（4111）,クロネコヤマト宅急便,16625.0
2025-01-31,商品売上高（4111）,宅配料コレクト,905.0
2025-01-31,商品売上高（4111）,道の駅切符,1980.0
2025-01-31,商品売上高（4111）,連絡線記念指定券,1400.0
2025-01-31,商品売上高（4111）,指定ごみ袋,22700.0
2025-01-31,商品売上高（4111）,粗大ごみ処理券,5450.0
2025-01-31,商品売上高（4111）,チオビタ,400.0
2025-01-31,商品売上高（4111）,ソフトクリームスプーン,40.0
2025-01-31,商品売上高（4111）,ローソク・線香・マッチ・のし袋・ライター・紙コップ・カイロ,190.0
2025-01-31,商品売上高（4111）,アルミ保温保冷バッグ,160.0
2025-01-31,商品売上高（4111）,レジ袋,11665.0
2025-01-31,商品売上高（4111）,段ボール,140.0
2025-01-31,商品売上高（4111）,段ボール,111805.0
2025-01-31,手数料収入（4112）,風のふるさと館委託販売手数料,1896824.0
2025-01-31,その他の収入（4114）,バーコードラベル代金,25770.0
2025-01-31,その他の収入（4114）,コカ・コーラ自販機手数料,83085.0
2025-01-31,その他の収入（4114）,アルミ缶売却料,9000.0
2025-01-31,その他の収入（4114）,テナント使用料,45250.0
2025-01-31,その他の収入（4114）,テナント電気料,35226.0
2025-01-31,その他の収入（4114）,やきいもキッチンカー出店料・・・1月5日,2000.0
2025-01-31,その他の収入（4114）,団子店頭販売賃借料・・・1月29日,6000.0
2025-01-31,その他の収入（4114）,ピザキッチンカー出店料・・・1月22日,6000.0
2025-01-31,その他の収入（4114）,たこやきキッチンカー出店料・・・1月29日,3000.0
2025-01-31,商品仕入高（5211）,野菜・・・辻青果,496762.0
2025-01-31,商品仕入高（5211）,たまご,42120.0
2025-01-31,商品仕入高（5211）,温泉たまご用塩代,4795.0
2025-01-31,商品仕入高（5211）,オロナミンC（トライアル）・・・1月12日,3036.0
2025-01-31,商品仕入高（5211）,伊藤園お茶ほか・・・1月22日,29963.0
2025-01-31,商品仕入高（5211）,伊藤園お茶ほか・・・1月29日,8424.0
2025-01-31,商品仕入高（5211）,粉末うどんちゃんぽんスープ・・・1月12日,2080.0
2025-01-31,商品仕入高（5211）,天ぷら・ちくわほか,23765.0
2025-01-31,商品仕入高（5211）,唐津くんちカレーほか・・・1月15日,14585.0
2025-01-31,商品仕入高（5211）,ジャージーミックスほか,209530.0
2025-01-31,商品仕入高（5211）,ミルン牛乳・ヨーグルトほか,6099.0
2025-01-31,商品仕入高（5211）,いきさ屋豆腐,40765.0
2025-01-31,商品仕入高（5211）,焼き芋,209560.0
2025-01-31,商品仕入高（5211）,もやし,312.0
2025-01-31,商品仕入高（5211）,もやし,505.0
2025-01-31,商品仕入高（5211）,もやし,505.0
2025-01-31,商品仕入高（5211）,もやし,1092806.0
2025-01-31,商品仕入高（5211）,野菜等袋代・・・アサヒ,19250.0
2025-01-31,商品仕入高（5211）,クロネコヤマト宅急便他運賃料,11143.0
2025-01-31,商品仕入高（5211）,ヤマト運輸振込手数料,300.0
2025-01-31,商品仕入高（5211）,ソフトクリーム用スプーン,19140.0
2025-01-31,商品仕入高（5211）,道の駅連絡線記念指定券,13000.0
2025-01-31,商品仕入高（5211）,チオビタドリンク・・・1月12日,2276.0
2025-01-31,商品仕入高（5211）,段ボール,65109.0
2025-01-31,販売員給与（6111）,パート（９名）,952750.0
2025-01-31,容器包装費（6114）,タイミーパック代,49500.0
2025-01-31,役員報酬（6211）,役員給与（１名）,250000.0
2025-01-31,従業員給与（6212）,従業員給与（１名）,205100.0
2025-01-31,法定福利費（6312）,唐津社会保険事務所社会保険料・・・賞与,173978.0
2025-01-31,法定福利費（6312）,唐津社会保険事務所社会保険料・・・給与,136299.0
2025-01-31,修繕費（6216）,多目的トイレウォシュレット修理代,12100.0
2025-01-31,事務用消耗品費（6217）,電子複写機コピー代,5589.0
2025-01-31,事務用消耗品費（6217）,定規代,335.0
2025-01-31,事務用消耗品費（6217）,JANコード作成ソフト代,2990.0
2025-01-31,事務用消耗品費（6217）,ファイルほか代,2081.0
2025-01-31,通信交通費（6218）,ＮＴＴファイナンス通話料,11981.0
2025-01-31,水道光熱費（6219）,電気料金,252143.0
2025-01-31,備品・消耗品費（6225）,トイレットペーパー代・・・1月12日,7920.0
2025-01-31,備品・消耗品費（6225）,トイレットペーパー代・・・1月26日,7920.0
2025-01-31,備品・消耗品費（6225）,トイレットペーパー代・・・2月2日,7920.0
2025-01-31,備品・消耗品費（6225）,アルミホイル代,207.0
2025-01-31,備品・消耗品費（6225）,使い捨て手袋代,6072.0
2025-01-31,備品・消耗品費（6225）,のぼりポールほか代,4382.0
2025-01-31,備品・消耗品費（6225）,ビニールネットケース代,220.0
2025-01-31,備品・消耗品費（6225）,ホットショーケース（残金）代,53720.0
2025-01-31,備品・消耗品費（6225）,ペーパータオル代,4304.0
2025-01-31,備品・消耗品費（6225）,ホワイトボード代,1290.0
2025-01-31,備品・消耗品費（6225）,結束バンド代,493.0
2025-01-31,備品・消耗品費（6225）,蒸したまご用セイロ桶代,16200.0
2025-01-31,備品・消耗品費（6225）,ソフト用アルコールスプレー代,10890.0
2025-01-31,備品・消耗品費（6225）,のぼりほか代,70661.0
2025-01-31,運営管理諸費（6227A）,くすもと税理士事務所顧問報酬,103400.0
2025-01-31,施設管理諸費（6227B）,中央警備保障機械警備料,37400.0
2025-01-31,施設管理諸費（6227B）,クリーン・リース代,2662.0
2025-01-31,施設管理諸費（6227B）,塵芥収集運搬料,60500.0
2025-01-31,施設管理諸費（6227B）,ナンキンハゼ剪定・処理業務,7000.0
2025-01-31,車両費（6228）,ガソリン代・・・江頭火薬石油・・・1月9日,3000.0
2025-01-31,車両費（6228）,ガソリン代・・・江頭火薬石油・・・1月22日,3000.0
2025-01-31,リース料（6234）,ソフトサーバーリース代,15510.0
2025-01-31,雑費(6231),コカ・コーラ振込手数料・・・1月18日分,660.0
2025-01-31,雑費(6231),JAバンクアンサーサービス手数料,1100.0
2025-01-31,雑費(6231),佐賀富士ベンディング振込手数料,660.0
2025-01-31,雑費(6231),振込手数料（牛津かまぼこ）,440.0
2025-01-31,雑費(6231),振込手数料（東芝テック）,440.0
2025-01-31,雑費(6231),履歴事項全部証明書代,600.0
2025-01-31,雑費(6231),納税証明書交付手数料,400.0
2025-01-31,雑費(6231),納税証明書交付手数料,300.0
2025-01-31,雑収入（7118）,雇用保険料預り（12月分）,5840.0
2025-02-28,商品売上高（4111）,野菜等,741375.0
2025-02-28,商品売上高（4111）,温泉たまご,88460.0
2025-02-28,商品売上高（4111）,あら塩・灘の塩（食塩）,1080.0
2025-02-28,商品売上高（4111）,オロナミンC（トライアル）,3630.0
2025-02-28,商品売上高（4111）,伊藤園お～いお茶・健康ミネラル麦茶ほか,93530.0
2025-02-28,商品売上高（4111）,黒糖・嬉野茶ドーナツ棒,20190.0
2025-02-28,商品売上高（4111）,白菜浅漬け・なす・きゅうりからし漬けの素,2180.0
2025-02-28,商品売上高（4111）,佐賀県産たまねぎスープ・海苔スープ・たまねぎチップ・佐賀牛ポテトチップ,56160.0
2025-02-28,商品売上高（4111）,粉末うどん・ちゃんぽんスープ,860.0
2025-02-28,商品売上高（4111）,天ぷら・ちくわほか,31130.0
2025-02-28,商品売上高（4111）,わさびドレッシング・こいくち醬油・カレー,20070.0
2025-02-28,商品売上高（4111）,いきさ屋（豆腐）,56530.0
2025-02-28,商品売上高（4111）,ミルン（ヨーグルト・チーズ・牛乳）,6080.0
2025-02-28,商品売上高（4111）,ソフトクリーム・コーン,589630.0
2025-02-28,商品売上高（4111）,焼き芋,260950.0
2025-02-28,商品売上高（4111）,納豆,440.0
2025-02-28,商品売上高（4111）,納豆,1972295.0
2025-02-28,商品売上高（4111）,野菜袋・ソフトクリームカップ（アサヒ）,39765.0
2025-02-28,商品売上高（4111）,中島潔グッズ,24305.0
2025-02-28,商品売上高（4111）,宅配料コレクト,930.0
2025-02-28,商品売上高（4111）,道の駅切符,1800.0
2025-02-28,商品売上高（4111）,連絡線記念指定券,1000.0
2025-02-28,商品売上高（4111）,指定ごみ袋,33100.0
2025-02-28,商品売上高（4111）,粗大ごみ処理券,610.0
2025-02-28,商品売上高（4111）,チオビタ,1800.0
2025-02-28,商品売上高（4111）,ソフトクリームスプーン,830.0
2025-02-28,商品売上高（4111）,ローソク・線香・マッチ・のし袋・ライター・紙コップ・カイロ,340.0
2025-02-28,商品売上高（4111）,アルミ保温保冷バッグ,640.0
2025-02-28,商品売上高（4111）,レジ袋,13985.0
2025-02-28,商品売上高（4111）,段ボール,119105.0
2025-02-28,手数料収入（4112）,風のふるさと館委託販売手数料,2306124.0
2025-02-28,その他の収入（4114）,バーコードラベル代金,31049.0
2025-02-28,その他の収入（4114）,コカ・コーラ自販機手数料,74601.0
2025-02-28,その他の収入（4114）,テナント使用料,45250.0
2025-02-28,その他の収入（4114）,テナント電気料,35496.0
2025-02-28,その他の収入（4114）,テナント水道料,33653.0
2025-02-28,その他の収入（4114）,やきいもキッチンカー出店料・・・2月2日,2000.0
2025-02-28,その他の収入（4114）,ピザキッチンカー出店料・・・2月2日,3000.0
2025-02-28,その他の収入（4114）,ピザキッチンカー出店料・・・2月16日,3000.0
2025-02-28,その他の収入（4114）,カレーキッチンカー出店料・・・2月26日,3000.0
2025-02-28,商品仕入高（5211）,野菜・・・辻青果,587352.0
2025-02-28,商品仕入高（5211）,たまご,42120.0
2025-02-28,商品仕入高（5211）,オロナミンC（トライアル）・・・2月26日,3995.0
2025-02-28,商品仕入高（5211）,伊藤園お茶ほか・・・2月5日,18455.0
2025-02-28,商品仕入高（5211）,伊藤園お茶ほか・・・2月13日,18610.0
2025-02-28,商品仕入高（5211）,伊藤園お茶ほか・・・2月19日,13633.0
2025-02-28,商品仕入高（5211）,伊藤園お茶ほか・・・2月26日,5477.0
2025-02-28,商品仕入高（5211）,伊藤園お茶ほか・・・2月29日,13979.0
2025-02-28,商品仕入高（5211）,佐賀牛ポテトチップほか・・・2月2日,18921.0
2025-02-28,商品仕入高（5211）,佐賀牛ポテトチップほか・・・2月26日,30261.0
2025-02-28,商品仕入高（5211）,からし漬けの素・・・2月26日,12150.0
2025-02-28,商品仕入高（5211）,黒糖ドーナツ棒,17668.0
2025-02-28,商品仕入高（5211）,天ぷら・ちくわほか,28323.0
2025-02-28,商品仕入高（5211）,ブラックモンブランカレーほか・・・2月16日,19759.0
2025-02-28,商品仕入高（5211）,ジャージーミックスほか,413845.0
2025-02-28,商品仕入高（5211）,ミルン牛乳・ヨーグルトほか,6099.0
2025-02-28,商品仕入高（5211）,いきさ屋豆腐,40218.0
2025-02-28,商品仕入高（5211）,焼き芋,211720.0
2025-02-28,商品仕入高（5211）,野菜,7434.0
2025-02-28,商品仕入高（5211）,もやし,709.0
2025-02-28,商品仕入高（5211）,もやし,1510728.0
2025-02-28,商品仕入高（5211）,野菜等袋代・・・アサヒ,63910.0
2025-02-28,商品仕入高（5211）,クロネコヤマト宅急便他運賃料,1661.0
2025-02-28,商品仕入高（5211）,ヤマト運輸振込手数料,300.0
2025-02-28,商品仕入高（5211）,粗大ごみ処理券,8700.0
2025-02-28,商品仕入高（5211）,アルミ保温保冷バッグ,1760.0
2025-02-28,商品仕入高（5211）,線香,330.0
2025-02-28,商品仕入高（5211）,段ボール,76661.0
2025-02-28,販売員給与（6111）,パート（９名）,921120.0
2025-02-28,役員報酬（6211）,役員給与（１名）,250000.0
2025-02-28,従業員給与（6212）,従業員給与（１名）,205100.0
2025-02-28,法定福利費（6312）,唐津社会保険事務所社会保険料,159923.0
2025-02-28,修繕費（6216）,業務用3口ガスコンロ入替工事５０％分,59290.0
2025-02-28,事務用消耗品費（6217）,電子複写機コピー代,3830.0
2025-02-28,事務用消耗品費（6217）,コピー用紙代,2640.0
2025-02-28,事務用消耗品費（6217）,マッキーほか代,660.0
2025-02-28,事務用消耗品費（6217）,穴あけパンチ代,2310.0
2025-02-28,事務用消耗品費（6217）,事務用液晶ディスプレイほか代,317134.0
2025-02-28,通信交通費（6218）,ＮＴＴファイナンス通話料,11101.0
2025-02-28,水道光熱費（6219）,電気料金,215273.0
2025-02-28,水道光熱費（6219）,水道料金,48877.0
2025-02-28,備品・消耗品費（6225）,トイレットペーパー代・・・2月9日,7920.0
2025-02-28,備品・消耗品費（6225）,トイレットペーパー代・・・2月22日,7920.0
2025-02-28,備品・消耗品費（6225）,温泉蒸したまご用袋代,13420.0
2025-02-28,備品・消耗品費（6225）,トイレマジックリン代,1628.0
2025-02-28,備品・消耗品費（6225）,木用ねじほか代,553.0
2025-02-28,備品・消耗品費（6225）,ステン棚受ほか代,6271.0
2025-02-28,備品・消耗品費（6225）,ハブ代,4580.0
2025-02-28,備品・消耗品費（6225）,ペーパータオル代,2152.0
2025-02-28,備品・消耗品費（6225）,ペーパータオル代,4573.0
2025-02-28,備品・消耗品費（6225）,ポリエチレン手袋ほか代,1210.0
2025-02-28,備品・消耗品費（6225）,サランラップほか代,16891.0
2025-02-28,運営管理諸費（6227A）,くすもと税理士事務所顧問報酬,55000.0
2025-02-28,施設管理諸費（6227B）,中央警備保障機械警備料,37400.0
2025-02-28,施設管理諸費（6227B）,クリーン・リース代,2662.0
2025-02-28,施設管理諸費（6227B）,塵芥収集運搬料,60500.0
2025-02-28,施設管理諸費（6227B）,浄化槽維持管理業務委託,199623.0
2025-02-28,施設管理諸費（6227B）,衛生害虫駆除業務,10395.0
2025-02-28,車両費（6228）,ガソリン代・・・江頭火薬石油・・・2月5日,3000.0
2025-02-28,車両費（6228）,ガソリン代・・・江頭火薬石油・・・2月22日,3000.0
2025-02-28,リース料（6234）,ソフトサーバーリース代,15510.0
2025-02-28,会費（6313）,九州沖縄道の駅連絡会駅長会年会費,30000.0
2025-02-28,雑費(6231),コカ・コーラ振込手数料・・・2月18日分,660.0
2025-02-28,雑費(6231),JAバンクアンサーサービス手数料,1100.0
2025-02-28,雑費(6231),振込手数料（道の駅ネットワーク）,275.0
2025-02-28,雑費(6231),振込手数料（牛津かまぼこ）,275.0
2025-02-28,雑費(6231),消費税登録間違い差額分,1210.0
2025-02-28,雑費(6231),牧瀬区賦課金,9300.0
2025-02-28,雑費(6231),納税証明書交付手数料,300.0
2025-02-28,雑費(6231),精算金振込時振込手数料返金分,1375.0
2025-02-28,雑費(6231),振込手数料（カネ若水産）,275.0
2025-02-28,雑費(6231),履歴事項全部証明書,1200.0
2025-02-28,受取利息割引料,貯金利息,48.0
2025-02-28,受取利息割引料,貯金利息・・・釣銭両替,1.0
2025-02-28,受取利息割引料,貯金利息・・・日々両替,48.0
2025-02-28,雑収入（7118）,雇用保険料預り（1月分）,6015.0
2024-05-31,商品売上高（4111）,野菜等,1095230.0
2024-05-31,商品売上高（4111）,温泉たまご,92270.0
2024-05-31,商品売上高（4111）,あら塩・灘の塩（食塩）,4060.0
2024-05-31,商品売上高（4111）,オロナミンC（トライアル）,4950.0
2024-05-31,商品売上高（4111）,伊藤園お～いお茶・健康ミネラル麦茶ほか,154240.0
2024-05-31,商品売上高（4111）,黒糖・嬉野茶ドーナツ棒,18940.0
2024-05-31,商品売上高（4111）,白菜浅漬け・なす・きゅうりからし漬けの素,7830.0
2024-05-31,商品売上高（4111）,佐賀県産たまねぎスープ・海苔スープ・たまねぎチップ・佐賀牛ポテトチップ,89620.0
2024-05-31,商品売上高（4111）,粉末うどん・ちゃんぽんスープ,3360.0
2024-05-31,商品売上高（4111）,天ぷら・ちくわほか,41780.0
2024-05-31,商品売上高（4111）,わさびドレッシング・こいくち醬油・カレー,27750.0
2024-05-31,商品売上高（4111）,いきさ屋（豆腐）,82485.0
2024-05-31,商品売上高（4111）,ミルン（ヨーグルト・チーズ・牛乳）,9620.0
2024-05-31,商品売上高（4111）,ソフトクリーム・コーン,1434760.0
2024-05-31,商品売上高（4111）,オルゴール（焼き芋・魚）,281850.0
2024-05-31,商品売上高（4111）,牛乳・納豆ほか,14040.0
2024-05-31,商品売上高（4111）,フルーツ盛合わせ,10000.0
2024-05-31,商品売上高（4111）,サンレイみかん＆パインほか,36630.0
2024-05-31,商品売上高（4111）,らっきょう酢ほか,14370.0
2024-05-31,商品売上高（4111）,お菓子セット,2700.0
2024-05-31,商品売上高（4111）,お菓子セット,3426485.0
2024-05-31,商品売上高（4111）,野菜袋（アサヒ）,32760.0
2024-05-31,商品売上高（4111）,中島潔グッズ,9145.0
2024-05-31,商品売上高（4111）,クロネコヤマト宅急便,11650.0
2024-05-31,商品売上高（4111）,道の駅切符,4500.0
2024-05-31,商品売上高（4111）,連絡線記念指定券,1800.0
2024-05-31,商品売上高（4111）,道の駅スタンプブック,6840.0
2024-05-31,商品売上高（4111）,指定ごみ袋,65700.0
2024-05-31,商品売上高（4111）,粗大ごみ処理券,3760.0
2024-05-31,商品売上高（4111）,チオビタ（トライアル）,5100.0
2024-05-31,商品売上高（4111）,ソフトクリーム用スプーン,810.0
2024-05-31,商品売上高（4111）,ローソク・線香・マッチ・のし袋・ライター・紙コップ類,200.0
2024-05-31,商品売上高（4111）,アルミ保温保冷バッグ,1280.0
2024-05-31,商品売上高（4111）,レジ袋,14120.0
2024-05-31,商品売上高（4111）,紙管なしロールダブル,820.0
2024-05-31,商品売上高（4111）,あったか銀紙,158485.0
2024-05-31,手数料収入（4112）,風のふるさと館委託販売手数料,2677497.0
2024-05-31,その他の収入（4114）,バーコードラベル代金,29866.0
2024-05-31,その他の収入（4114）,コカ・コーラ自販機手数料,86249.0
2024-05-31,その他の収入（4114）,アルミ缶売却料,8000.0
2024-05-31,その他の収入（4114）,テナント使用料,45250.0
2024-05-31,その他の収入（4114）,テナント電気料,28575.0
2024-05-31,その他の収入（4114）,やきいもキッチンカー出店料,2000.0
2024-05-31,その他の収入（4114）,団子店頭販売賃借料・・・5月13日,6000.0
2024-05-31,その他の収入（4114）,団子店頭販売賃借料・・・5月24日,6000.0
2024-05-31,その他の収入（4114）,団子店頭販売賃借料・・・5月31日,6000.0
2024-05-31,その他の収入（4114）,多肉植物店頭販売賃借料・・・5月27日,3000.0
2024-05-31,その他の収入（4114）,多肉植物店頭販売賃借料・・・5月27日,3000.0
2024-05-31,その他の収入（4114）,カラフルＰａｙ商品券引換手数料,49335.0
2024-05-31,商品仕入高（5211）,野菜・・・辻青果,827405.0
2024-05-31,商品仕入高（5211）,たまご,50544.0
2024-05-31,商品仕入高（5211）,五島灘の塩・・・九州ソルト佐賀支店,4752.0
2024-05-31,商品仕入高（5211）,オロナミンC（トライアル）・・・6月3日,3795.0
2024-05-31,商品仕入高（5211）,伊藤園お茶ほか・・・5月13日,26464.0
2024-05-31,商品仕入高（5211）,伊藤園お茶ほか・・・5月20日,24779.0
2024-05-31,商品仕入高（5211）,伊藤園お茶ほか・・・5月27日,4233.0
2024-05-31,商品仕入高（5211）,伊藤園お茶ほか・・・6月3日,38260.0
2024-05-31,商品仕入高（5211）,粉末スープ・・・5月10日,696.0
2024-05-31,商品仕入高（5211）,佐賀牛ポテトチップほか・・・5月10日,28382.0
2024-05-31,商品仕入高（5211）,からし漬けの素・・・5月10日,7776.0
2024-05-31,商品仕入高（5211）,黒糖ドーナツ棒,9396.0
2024-05-31,商品仕入高（5211）,天ぷら・ちくわほか,36424.0
2024-05-31,商品仕入高（5211）,わさびドレッシングほか・・・5月10日,14882.0
2024-05-31,商品仕入高（5211）,ジャージーミックスほか,986493.0
2024-05-31,商品仕入高（5211）,ミルン牛乳・ヨーグルトほか,5400.0
2024-05-31,商品仕入高（5211）,焼き芋・魚,322026.0
2024-05-31,商品仕入高（5211）,いきさ屋豆腐,67667.0
2024-05-31,商品仕入高（5211）,ドリンク（ジェイエイビバレッジ）,32270.0
2024-05-31,商品仕入高（5211）,納豆ほか・・・5月7日,1898.0
2024-05-31,商品仕入高（5211）,納豆ほか・・・5月13日,2910.0
2024-05-31,商品仕入高（5211）,納豆ほか・・・5月31日,3777.0
2024-05-31,商品仕入高（5211）,えのき・・・5月31日,414.0
2024-05-31,商品仕入高（5211）,もやし・・・5月7日,696.0
2024-05-31,商品仕入高（5211）,もやしほか・・・5月10日,1090.0
2024-05-31,商品仕入高（5211）,もやし・・・5月17日,505.0
2024-05-31,商品仕入高（5211）,もやしほか・・・5月17日,715.0
2024-05-31,商品仕入高（5211）,もやしほか・・・5月24日,5975.0
2024-05-31,商品仕入高（5211）,もやし・・・5月24日,197.0
2024-05-31,商品仕入高（5211）,もやし・・・5月27日,422.0
2024-05-31,商品仕入高（5211）,もやしほか・・・5月27日,1399.0
2024-05-31,商品仕入高（5211）,もやし・・・5月31日,690.0
2024-05-31,商品仕入高（5211）,もやし・・・6月3日,760.0
2024-05-31,商品仕入高（5211）,レンコン・・・5月17日,378.0
2024-05-31,商品仕入高（5211）,だし入り醬油,3087.0
2024-05-31,商品仕入高（5211）,らっきょう酢,5201.0
2024-05-31,商品仕入高（5211）,りんご酢ほか,7135.0
2024-05-31,商品仕入高（5211）,りんご酢ほか,2528893.0
2024-05-31,商品仕入高（5211）,野菜等袋代・・・アサヒ,64581.0
2024-05-31,商品仕入高（5211）,クロネコヤマト宅急便他運賃料,10560.0
2024-05-31,商品仕入高（5211）,ソフトクリーム用スプーン,9570.0
2024-05-31,商品仕入高（5211）,指定ごみ袋,64800.0
2024-05-31,商品仕入高（5211）,粗大ごみ処理券,8500.0
2024-05-31,商品仕入高（5211）,バーコードラベル代,128700.0
2024-05-31,商品仕入高（5211）,チオビタドリンク・・・6月3日,3414.0
2024-05-31,商品仕入高（5211）,わかくさティッシュ,290125.0
2024-05-31,販売員給与（6111）,パート（９名）,1017701.0
2024-05-31,容器包装費（6114）,タイミーパック代,11748.0
2024-05-31,事業費（6116T）,母の日プレゼントメッセージシール代,330.0
2024-05-31,事業費（6116T）,母の日プレゼントバラ代,10000.0
2024-05-31,役員報酬（6211）,役員給与（１名）,250000.0
2024-05-31,従業員給与（6212）,従業員給与（１名）,226000.0
2024-05-31,法定福利費（6312）,唐津社会保険事務所社会保険料,158824.0
2024-05-31,事務用消耗品費（6217）,電子複写機コピー代,3587.0
2024-05-31,事務用消耗品費（6217）,色上質代,1320.0
2024-05-31,通信交通費（6218）,ＮＴＴファイナンス通話料,11110.0
2024-05-31,水道光熱費（6219）,電気料金,182478.0
2024-05-31,租税公課費（6221）,登録免許税,30000.0
2024-05-31,接待交際費（6223）,役員歩道花飾り作業お茶他代,1680.0
2024-05-31,接待交際費（6223）,店内レイアウト変更時協力者弁当代,8020.0
2024-05-31,接待交際費（6223）,店内レイアウト変更時協力者弁当代,3670.0
2024-05-31,備品・消耗品費（6225）,トイレットペーパー代・・・5月7日,7920.0
2024-05-31,備品・消耗品費（6225）,トイレットペーパー代・・・5月13日,7920.0
2024-05-31,備品・消耗品費（6225）,トイレットペーパー代・・・5月20日,7920.0
2024-05-31,備品・消耗品費（6225）,トイレットペーパー代・・・5月31日,7920.0
2024-05-31,備品・消耗品費（6225）,カーシャンプーほか代,4111.0
2024-05-31,備品・消耗品費（6225）,キャスターほか代,5344.0
2024-05-31,備品・消耗品費（6225）,歩道飾り用花苗代,3150.0
2024-05-31,備品・消耗品費（6225）,マジック代,1548.0
2024-05-31,備品・消耗品費（6225）,歩道花飾り用土代,3422.0
2024-05-31,備品・消耗品費（6225）,包丁代,4180.0
2024-05-31,備品・消耗品費（6225）,ペーパータオル代,4035.0
2024-05-31,備品・消耗品費（6225）,サランラップほか代,61463.0
2024-05-31,運営管理諸費（6227A）,東芝テックポスレジシステムリース料,87120.0
2024-05-31,運営管理諸費（6227A）,くすもと税理士事務所顧問報酬,273460.0
2024-05-31,運営管理諸費（6227A）,クレジット連動作業費用,46200.0
2024-05-31,施設管理諸費（6227B）,中央警備保障機械警備料,37400.0
2024-05-31,施設管理諸費（6227B）,クリーン・リース代,2662.0
2024-05-31,施設管理諸費（6227B）,塵芥収集運搬料,60500.0
2024-05-31,施設管理諸費（6227B）,衛生害虫駆除業務,10395.0
2024-05-31,施設管理諸費（6227B）,オープンショーケース店内移設作業費,99000.0
2024-05-31,車両費（6228）,ガソリン代・・・唐津農協相知基幹SS・・・5月7日,3000.0
2024-05-31,車両費（6228）,ガソリン代・・・唐津農協相知基幹SS・・・5月13日,3000.0
2024-05-31,車両費（6228）,ガソリン代・・・唐津農協厳木SS・・・5月17日,3000.0
2024-05-31,車両費（6228）,ガソリン代・・・唐津農協厳木SS・・・5月24日,6000.0
2024-05-31,車両費（6228）,ガソリン代・・・江頭火薬石油・・・5月27日,3000.0
2024-05-31,車両費（6228）,ガソリン代・・・江頭火薬石油・・・5月31日,3000.0
2024-05-31,車両費（6228）,ハイゼット軽自動車税,5000.0
2024-05-31,リース料（6234）,ソフトサーバーリース代(旧サーバー残金２ヶ月分),12640.0
2024-05-31,リース料（6234）,ソフトサーバーリース代(新サーバー２ヶ月分),56936.0
2024-05-31,会費（6313）,令和６年度唐津法人会年会費,6000.0
2024-05-31,雑費(6231),コカ・コーラ振込手数料・・・5月18日分,660.0
2024-05-31,雑費(6231),JAバンクアンサーサービス手数料,1100.0
2024-05-31,雑費(6231),振込手数料（牛津かまぼこ）,440.0
2024-05-31,雑費(6231),振込手数料（東芝テック）,275.0
2024-05-31,雑費(6231),振込手数料(ミルン）,275.0
2024-05-31,雑収入（7118）,雇用保険料預り（４月分）,5963.0
2024-07-31,商品売上高（4111）,野菜等,723165.0
2024-07-31,商品売上高（4111）,温泉たまご,87550.0
2024-07-31,商品売上高（4111）,あら塩・灘の塩（食塩）,2120.0
2024-07-31,商品売上高（4111）,オロナミンC（トライアル）,3080.0
2024-07-31,商品売上高（4111）,伊藤園お～いお茶・健康ミネラル麦茶ほか,171710.0
2024-07-31,商品売上高（4111）,黒糖・嬉野茶ドーナツ棒,8900.0
2024-07-31,商品売上高（4111）,白菜浅漬け・なす・きゅうりからし漬けの素,5680.0
2024-07-31,商品売上高（4111）,佐賀県産たまねぎスープ・海苔スープ・たまねぎチップ・佐賀牛ポテトチップ,58920.0
2024-07-31,商品売上高（4111）,天ぷら・ちくわほか,35900.0
2024-07-31,商品売上高（4111）,わさびドレッシング・こいくち醬油・カレーほか,25175.0
2024-07-31,商品売上高（4111）,いきさ屋（豆腐）,77255.0
2024-07-31,商品売上高（4111）,ミルン（ヨーグルト・チーズ・牛乳）,7200.0
2024-07-31,商品売上高（4111）,ソフトクリーム・コーン,1353400.0
2024-07-31,商品売上高（4111）,オルゴール（焼き芋・魚ほか）,339985.0
2024-07-31,商品売上高（4111）,牛乳・納豆ほか,25150.0
2024-07-31,商品売上高（4111）,サンレイみかん＆パインほか,34000.0
2024-07-31,商品売上高（4111）,らっきょう酢ほか,26010.0
2024-07-31,商品売上高（4111）,アサヒドライゼロ,2240.0
2024-07-31,商品売上高（4111）,甘酒・酒粕,14310.0
2024-07-31,商品売上高（4111）,マヨネーズ・ソースほか,10280.0
2024-07-31,商品売上高（4111）,マヨネーズ・ソースほか,3012030.0
2024-07-31,商品売上高（4111）,野菜袋（アサヒ）,31110.0
2024-07-31,商品売上高（4111）,中島潔グッズ,3930.0
2024-07-31,商品売上高（4111）,クロネコヤマト宅急便,19230.0
2024-07-31,商品売上高（4111）,道の駅切符,1260.0
2024-07-31,商品売上高（4111）,連絡線記念指定券,1000.0
2024-07-31,商品売上高（4111）,道の駅スタンプブック,1440.0
2024-07-31,商品売上高（4111）,指定ごみ袋,60400.0
2024-07-31,商品売上高（4111）,粗大ごみ処理券,10450.0
2024-07-31,商品売上高（4111）,チオビタ（トライアル）,5800.0
2024-07-31,商品売上高（4111）,ソフトクリーム用スプーン,440.0
2024-07-31,商品売上高（4111）,ローソク・線香・マッチ・のし袋・紙コップ類,330.0
2024-07-31,商品売上高（4111）,アルミ保温保冷バッグ,1280.0
2024-07-31,商品売上高（4111）,レジ袋,11910.0
2024-07-31,商品売上高（4111）,ビールほか,75685.0
2024-07-31,商品売上高（4111）,万齢ほか,102390.0
2024-07-31,商品売上高（4111）,紙管なしロールダブルほか,6290.0
2024-07-31,商品売上高（4111）,ボタン電池（ミゾカミ）,280.0
2024-07-31,商品売上高（4111）,たばこ,109200.0
2024-07-31,商品売上高（4111）,ライター・オニヤンマくん,2760.0
2024-07-31,商品売上高（4111）,HB-101,5490.0
2024-07-31,商品売上高（4111）,HB-101,450675.0
2024-07-31,手数料収入（4112）,風のふるさと館委託販売手数料,2068598.0
2024-07-31,その他の収入（4114）,バーコードラベル代金,25884.0
2024-07-31,その他の収入（4114）,コカ・コーラ自販機手数料,82165.0
2024-07-31,その他の収入（4114）,アルミ缶売却料,3500.0
2024-07-31,その他の収入（4114）,テナント使用料,45250.0
2024-07-31,その他の収入（4114）,テナント電気料,33335.0
2024-07-31,その他の収入（4114）,団子店頭販売賃借料・・・7月8日,6000.0
2024-07-31,その他の収入（4114）,多肉植物店頭販売賃借料・・・7月29日,6000.0
2024-07-31,その他の収入（4114）,水難救済会自販機手数料,36000.0
2024-07-31,商品仕入高（5211）,野菜・・・辻青果,438992.0
2024-07-31,商品仕入高（5211）,たまご,42120.0
2024-07-31,商品仕入高（5211）,オロナミンC（トライアル）・・・7月22日,5313.0
2024-07-31,商品仕入高（5211）,伊藤園お茶ほか・・・7月8日,25162.0
2024-07-31,商品仕入高（5211）,伊藤園お茶ほか・・・7月16日,36106.0
2024-07-31,商品仕入高（5211）,伊藤園お茶ほか・・・7月22日,16692.0
2024-07-31,商品仕入高（5211）,伊藤園お茶ほか・・・7月29日,25038.0
2024-07-31,商品仕入高（5211）,佐賀牛ポテトチップほか・・・7月8日,38199.0
2024-07-31,商品仕入高（5211）,佐賀県産海苔スープほか・・・7月22日,19656.0
2024-07-31,商品仕入高（5211）,黒糖ドーナツ棒,17668.0
2024-07-31,商品仕入高（5211）,天ぷら・ちくわほか,34404.0
2024-07-31,商品仕入高（5211）,唐津くんちカレーほか・・・7月19日,19084.0
2024-07-31,商品仕入高（5211）,ジャージーミックスほか,834084.0
2024-07-31,商品仕入高（5211）,ミルン牛乳・ヨーグルトほか,5788.0
2024-07-31,商品仕入高（5211）,焼き芋・魚,542426.0
2024-07-31,商品仕入高（5211）,いきさ屋豆腐,70297.0
2024-07-31,商品仕入高（5211）,ドリンク（ジェイエイビバレッジ）,23134.0
2024-07-31,商品仕入高（5211）,納豆ほか・・・7月8日,3260.0
2024-07-31,商品仕入高（5211）,納豆ほか・・・7月12日,2990.0
2024-07-31,商品仕入高（5211）,納豆ほか・・・7月26日,5693.0
2024-07-31,商品仕入高（5211）,納豆ほか・・・7月29日,3310.0
2024-07-31,商品仕入高（5211）,納豆ほか・・・8月2日,5463.0
2024-07-31,商品仕入高（5211）,もやしほか・・・7月8日,1988.0
2024-07-31,商品仕入高（5211）,もやしほか・・・7月12日,2152.0
2024-07-31,商品仕入高（5211）,もやしほか・・・7月16日,2120.0
2024-07-31,商品仕入高（5211）,もやしほか・・・7月16日,5313.0
2024-07-31,商品仕入高（5211）,もやしほか・・・7月29日,421.0
2024-07-31,商品仕入高（5211）,いんげん・・・7月16日,210.0
2024-07-31,商品仕入高（5211）,天ぷらほか・・・7月19日,1744.0
2024-07-31,商品仕入高（5211）,甘酒・・・小松酒造,15228.0
2024-07-31,商品仕入高（5211）,うまかっちゃんほか・・・ミゾカミ,13998.0
2024-07-31,商品仕入高（5211）,だし入り醬油ほか,5052.0
2024-07-31,商品仕入高（5211）,らっきょう酢ほか,14593.0
2024-07-31,商品仕入高（5211）,こめ油,4560.0
2024-07-31,商品仕入高（5211）,こめ油,2282258.0
2024-07-31,商品仕入高（5211）,野菜等袋代・・・アサヒ,35090.0
2024-07-31,商品仕入高（5211）,クロネコヤマト宅急便他運賃料,19943.0
2024-07-31,商品仕入高（5211）,ソフトクリーム用スプーン,9570.0
2024-07-31,商品仕入高（5211）,万齢ほか・・・小松酒造,56025.0
2024-07-31,商品仕入高（5211）,ビールほか・・・七田酒類販売,70233.0
2024-07-31,商品仕入高（5211）,たばこ・・・ヴァリィベア・・・7月19日,22329.0
2024-07-31,商品仕入高（5211）,たばこ・・・ヴァリィベア・・・7月26日,13910.0
2024-07-31,商品仕入高（5211）,たばこ・・・ヴァリィベア・・・8月2日,20622.0
2024-07-31,商品仕入高（5211）,たばこ・・・ヴァリィベア・・・8月9日,23202.0
2024-07-31,商品仕入高（5211）,指定ごみ袋,76500.0
2024-07-31,商品仕入高（5211）,アルミ保温保冷バッグ,880.0
2024-07-31,商品仕入高（5211）,チオビタドリンク・・・7月22日,2796.0
2024-07-31,商品仕入高（5211）,ティッシュ,5280.0
2024-07-31,商品仕入高（5211）,HB-101,356380.0
2024-07-31,販売員給与（6111）,パート（９名）,1014775.0
2024-07-31,容器包装費（6114）,タイミーパック代,49500.0
2024-07-31,事業費（6116T）,海の日イベント用木炭代,987.0
2024-07-31,事業費（6116T）,海の日イベント用上白糖ほか代,1620.0
2024-07-31,事業費（6116T）,海の日プレゼントとうもろこし代,10000.0
2024-07-31,事業費（6116T）,海の日イベント用火鋏代,536.0
2024-07-31,事業費（6116T）,海の日プレゼントとうもろこし代,1000.0
2024-07-31,役員報酬（6211）,役員給与（１名）,250000.0
2024-07-31,役員報酬（6211）,役員賞与（１名）,250000.0
2024-07-31,役員報酬（6211）,役員報酬（４名）,280000.0
2024-07-31,従業員給与（6212）,従業員給与（１名）,221820.0
2024-07-31,従業員賞与（6213）,従業員賞与（１名）,160000.0
2024-07-31,販売員賞与（6213）,パート賞与（９名）,610000.0
2024-07-31,法定福利費（6312）,唐津社会保険事務所社会保険料,158824.0
2024-07-31,法定福利費（6312）,労働・労災保険料,249850.0
2024-07-31,事務用消耗品費（6217）,電子複写機コピー代,6226.0
2024-07-31,事務用消耗品費（6217）,A4ファイル代,602.0
2024-07-31,通信交通費（6218）,ＮＴＴファイナンス通話料,11092.0
2024-07-31,水道光熱費（6219）,電気料金,315219.0
2024-07-31,接待交際費（6223）,役員草刈り作業お茶ほか代,2400.0
2024-07-31,接待交際費（6223）,役員会議食事代,16300.0
2024-07-31,接待交際費（6223）,佐賀県道の駅駅長会意見交換会会費,6000.0
2024-07-31,接待交際費（6223）,生産者意見交換会お茶代,1650.0
2024-07-31,備品・消耗品費（6225）,トイレットペーパー代・・・7月5日,7920.0
2024-07-31,備品・消耗品費（6225）,トイレットペーパー代・・・7月8日,7920.0
2024-07-31,備品・消耗品費（6225）,トイレットペーパー代・・・7月16日,7920.0
2024-07-31,備品・消耗品費（6225）,トイレットペーパー代・・・7月29日,7920.0
2024-07-31,備品・消耗品費（6225）,温泉蒸したまご用袋代,13420.0
2024-07-31,備品・消耗品費（6225）,工具代,6490.0
2024-07-31,備品・消耗品費（6225）,アースジェットほか代,4658.0
2024-07-31,備品・消耗品費（6225）,ペーパータオル代,4035.0
2024-07-31,備品・消耗品費（6225）,温泉水用水缶代,1960.0
2024-07-31,備品・消耗品費（6225）,ソフト用アルコール代,10890.0
2024-07-31,備品・消耗品費（6225）,のぼり旗ほか,34260.0
2024-07-31,運営管理諸費（6227A）,東芝テックポスレジシステムリース料,87120.0
2024-07-31,運営管理諸費（6227A）,くすもと税理士事務所顧問報酬,55000.0
2024-07-31,運営管理諸費（6227A）,プリンターリース料,10632.0
2024-07-31,施設管理諸費（6227B）,中央警備保障機械警備料,37400.0
2024-07-31,施設管理諸費（6227B）,クリーン・リース代,4246.0
2024-07-31,施設管理諸費（6227B）,塵芥収集運搬料,60500.0
2024-07-31,施設管理諸費（6227B）,自動ドア装置保守点検業務,13200.0
2024-07-31,施設管理諸費（6227B）,フジ剪定枝処理業務,15900.0
2024-07-31,車両費（6228）,ガソリン代・・・相知基幹SS・・・7月5日,3000.0
2024-07-31,車両費（6228）,ガソリン代・・・谷口石油・・・7月12日,3000.0
2024-07-31,車両費（6228）,ガソリン代・・・谷口石油・・・7月16日,3000.0
2024-07-31,車両費（6228）,ガソリン代・・・相知基幹SS・・・7月22日,3000.0
2024-07-31,車両費（6228）,ガソリン代・・・唐津農協厳木SS・・・7月26日,3000.0
2024-07-31,車両費（6228）,ガソリン代・・・唐津農協厳木SS・・・7月29日,3000.0
2024-07-31,リース料（6234）,ソフトサーバーリース代(規定損害金),6200.0
2024-07-31,リース料（6234）,ソフトサーバーリース代(新サーバー),28600.0
2024-07-31,リース料（6234）,冷蔵ショーケースリース代（２カ月分）,51920.0
2024-07-31,雑費(6231),コカ・コーラ振込手数料・・・7月18日分,660.0
2024-07-31,雑費(6231),JAバンクアンサーサービス手数料,1100.0
2024-07-31,雑費(6231),佐賀富士ベンディング振込手数料,660.0
2024-07-31,雑費(6231),振込手数料（牛津かまぼこ）,275.0
2024-07-31,雑費(6231),振込手数料(ミルン）,275.0
2024-07-31,雑費(6231),電子決済・クレジットカード手数料,48276.0
2024-07-31,雑費(6231),JA会議室使用料,2200.0
2024-07-31,雑収入（7118）,雇用保険料預り（6月分）,6201.0
2024-07-31,雑収入（7118）,雇用保険料預り（賞与分）,4350.0
2024-10-31,商品売上高（4111）,野菜等,942680.0
2024-10-31,商品売上高（4111）,温泉たまご,103280.0
2024-10-31,商品売上高（4111）,あら塩・灘の塩（食塩）,3020.0
2024-10-31,商品売上高（4111）,オロナミンC（トライアル）,4070.0
2024-10-31,商品売上高（4111）,伊藤園お～いお茶・健康ミネラル麦茶ほか,137010.0
2024-10-31,商品売上高（4111）,黒糖・嬉野茶ドーナツ棒,7290.0
2024-10-31,商品売上高（4111）,白菜浅漬け・なす・きゅうりからし漬けの素,2980.0
2024-10-31,商品売上高（4111）,佐賀県産たまねぎスープ・海苔スープ・たまねぎチップ・佐賀牛ポテトチップ,85550.0
2024-10-31,商品売上高（4111）,天ぷら・ちくわほか,47200.0
2024-10-31,商品売上高（4111）,わさびドレッシング・こいくち醬油・カレーほか,42060.0
2024-10-31,商品売上高（4111）,いきさ屋（豆腐）,93000.0
2024-10-31,商品売上高（4111）,ミルン（ヨーグルト・チーズ・牛乳）,14420.0
2024-10-31,商品売上高（4111）,ソフトクリーム・コーン,1000300.0
2024-10-31,商品売上高（4111）,オルゴール（焼き芋・魚ほか）,558760.0
2024-10-31,商品売上高（4111）,牛乳・納豆ほか,21910.0
2024-10-31,商品売上高（4111）,サンレイみかん＆パインほか,33770.0
2024-10-31,商品売上高（4111）,らっきょう酢ほか,25510.0
2024-10-31,商品売上高（4111）,アサヒドライゼロ,2080.0
2024-10-31,商品売上高（4111）,小松酒造（甘酒・酒粕）,23760.0
2024-10-31,商品売上高（4111）,マヨネーズ・ソースほか,19290.0
2024-10-31,商品売上高（4111）,マヨネーズ・ソースほか,3167940.0
2024-10-31,商品売上高（4111）,野菜袋（アサヒ）,36655.0
2024-10-31,商品売上高（4111）,中島潔グッズ,74910.0
2024-10-31,商品売上高（4111）,クロネコヤマト宅急便,15225.0
2024-10-31,商品売上高（4111）,宅配料コレクト,3045.0
2024-10-31,商品売上高（4111）,道の駅切符,2520.0
2024-10-31,商品売上高（4111）,連絡線記念指定券,2400.0
2024-10-31,商品売上高（4111）,道の駅スタンプブック,2880.0
2024-10-31,商品売上高（4111）,指定ごみ袋,63000.0
2024-10-31,商品売上高（4111）,粗大ごみ処理券,3340.0
2024-10-31,商品売上高（4111）,チオビタ（トライアル）,4500.0
2024-10-31,商品売上高（4111）,ソフトクリーム用スプーン,960.0
2024-10-31,商品売上高（4111）,ローソク・線香・マッチ・のし袋・紙コップ類,55.0
2024-10-31,商品売上高（4111）,アルミ保温保冷バッグ,1280.0
2024-10-31,商品売上高（4111）,レジ袋,14785.0
2024-10-31,商品売上高（4111）,ビールほか,80085.0
2024-10-31,商品売上高（4111）,小松酒造（万齢ほか）,129950.0
2024-10-31,商品売上高（4111）,紙管なしロールダブルほか,2370.0
2024-10-31,商品売上高（4111）,たばこ,245920.0
2024-10-31,商品売上高（4111）,ライター・オニヤンマくん,3080.0
2024-10-31,商品売上高（4111）,段ボール,80.0
2024-10-31,商品売上高（4111）,電池,570.0
2024-10-31,商品売上高（4111）,HB-101,9010.0
2024-10-31,商品売上高（4111）,HB-101,696620.0
2024-10-31,手数料収入（4112）,風のふるさと館委託販売手数料,2698728.0
2024-10-31,その他の収入（4114）,バーコードラベル代金,33502.0
2024-10-31,その他の収入（4114）,コカ・コーラ自販機手数料,84421.0
2024-10-31,その他の収入（4114）,アルミ缶売却料,5000.0
2024-10-31,その他の収入（4114）,テナント使用料,45250.0
2024-10-31,その他の収入（4114）,テナント電気料（8月分）,66253.0
2024-10-31,その他の収入（4114）,テナント電気料（9月分）,55567.0
2024-10-31,その他の収入（4114）,テナント水道料,40558.0
2024-10-31,その他の収入（4114）,団子店頭販売賃借料・・・10月21日,15000.0
2024-10-31,その他の収入（4114）,団子店頭販売賃借料・・・10月28日,21000.0
2024-10-31,その他の収入（4114）,団子店頭販売賃借料・・・10月31日,3000.0
2024-10-31,その他の収入（4114）,クレープキッチンカー出店料,3000.0
2024-10-31,商品仕入高（5211）,野菜・・・辻青果,688624.0
2024-10-31,商品仕入高（5211）,たまご,50544.0
2024-10-31,商品仕入高（5211）,伊藤園お茶ほか・・・10月7日,20038.0
2024-10-31,商品仕入高（5211）,伊藤園お茶ほか・・・10月15日,14044.0
2024-10-31,商品仕入高（5211）,伊藤園お茶ほか・・・10月21日,30062.0
2024-10-31,商品仕入高（5211）,伊藤園ドリンク・・・10月28日,12610.0
2024-10-31,商品仕入高（5211）,伊藤園お茶ほか・・・11月5日,63080.0
2024-10-31,商品仕入高（5211）,たまねぎポテトチップほか・・・10月11日,24381.0
2024-10-31,商品仕入高（5211）,佐賀牛ポテトチップほか・・・10月25日,48384.0
2024-10-31,商品仕入高（5211）,天ぷら・ちくわほか,38315.0
2024-10-31,商品仕入高（5211）,ポン酢・・・10月4日,4504.0
2024-10-31,商品仕入高（5211）,唐津くんちカレーほか・・・10月15日,22783.0
2024-10-31,商品仕入高（5211）,ジャージーミックスほか,648237.0
2024-10-31,商品仕入高（5211）,ミルン牛乳・ヨーグルトほか（9月分）,11214.0
2024-10-31,商品仕入高（5211）,ミルン牛乳・ヨーグルトほか（10月分）,9866.0
2024-10-31,商品仕入高（5211）,焼き芋・魚,465517.0
2024-10-31,商品仕入高（5211）,いきさ屋豆腐,75401.0
2024-10-31,商品仕入高（5211）,ドリンク（ジェイエイビバレッジ）,9331.0
2024-10-31,商品仕入高（5211）,納豆ほか・・・10月4日,4411.0
2024-10-31,商品仕入高（5211）,納豆ほか・・・10月11日,4853.0
2024-10-31,商品仕入高（5211）,納豆ほか・・・10月15日,5855.0
2024-10-31,商品仕入高（5211）,納豆ほか・・・10月18日,1869.0
2024-10-31,商品仕入高（5211）,納豆ほか・・・10月25日,3323.0
2024-10-31,商品仕入高（5211）,納豆ほか・・・10月25日,5092.0
2024-10-31,商品仕入高（5211）,納豆ほか・・・10月31日,4992.0
2024-10-31,商品仕入高（5211）,もやしほか・・・10月31日,3307.0
2024-10-31,商品仕入高（5211）,甘酒・・・小松酒造,12246.0
2024-10-31,商品仕入高（5211）,うまかっちゃんほか・・・ミゾカミ,18079.0
2024-10-31,商品仕入高（5211）,ほめられ酢ほか,13872.0
2024-10-31,商品仕入高（5211）,らっきょう酢ほか,21982.0
2024-10-31,商品仕入高（5211）,らっきょう酢ほか,2336816.0
2024-10-31,商品仕入高（5211）,野菜等袋代・・・アサヒ,30965.0
2024-10-31,商品仕入高（5211）,クロネコヤマト宅急便他運賃料,17215.0
2024-10-31,商品仕入高（5211）,ヤマト運輸振込手数料,400.0
2024-10-31,商品仕入高（5211）,ソフトクリーム用スプーン,19140.0
2024-10-31,商品仕入高（5211）,万齢ほか・・・小松酒造,105176.0
2024-10-31,商品仕入高（5211）,ビールほか・・・七田酒類販売,58284.0
2024-10-31,商品仕入高（5211）,たばこ（ヴァリィベア）・・・10月18日,43989.0
2024-10-31,商品仕入高（5211）,たばこ（ヴァリィベア）・・・10月25日,75553.0
2024-10-31,商品仕入高（5211）,たばこ（ヴァリィベア）・・・10月31日,48471.0
2024-10-31,商品仕入高（5211）,たばこ（ヴァリィベア）・・・10月31日,51769.0
2024-10-31,商品仕入高（5211）,指定ごみ袋,82800.0
2024-10-31,商品仕入高（5211）,ライター,4796.0
2024-10-31,商品仕入高（5211）,チオビタドリンク・・・10月21日,3780.0
2024-10-31,商品仕入高（5211）,HB-101,542338.0
2024-10-31,販売員給与（6111）,パート（９名）,1028972.0
2024-10-31,広告宣伝費（6113）,厳木町中島山笠祭協賛金,5000.0
2024-10-31,容器包装費（6114）,タイミーパック代,12738.0
2024-10-31,役員報酬（6211）,役員給与（１名）,250000.0
2024-10-31,従業員給与（6212）,従業員給与（１名）,233917.0
2024-10-31,法定福利費（6312）,唐津社会保険事務所社会保険料,193169.0
2024-10-31,厚生費（6226）,健康診断受診料,13400.0
2024-10-31,厚生費（6226）,店長外昼食代,1620.0
2024-10-31,修繕費（6216）,ソフトクリームサーバーブレードほか代,11825.0
2024-10-31,事務用消耗品費（6217）,電子複写機コピー代,11481.0
2024-10-31,通信交通費（6218）,ＮＴＴファイナンス通話料,10661.0
2024-10-31,通信交通費（6218）,切手代,1210.0
2024-10-31,通信交通費（6218）,書留郵送料,460.0
2024-10-31,水道光熱費（6219）,電気料金,573941.0
2024-10-31,水道光熱費（6219）,水道料金,209752.0
2024-10-31,租税公課費（6221）,収入印紙代,2000.0
2024-10-31,接待交際費（6223）,田原ノリ子供花スタンド代,22000.0
2024-10-31,接待交際費（6223）,田原ノリ子香典,10000.0
2024-10-31,備品・消耗品費（6225）,トイレットペーパー代・・・10月15日,7920.0
2024-10-31,備品・消耗品費（6225）,トイレットペーパー代・・・10月25日,7920.0
2024-10-31,備品・消耗品費（6225）,トイレットペーパー代・・・11月5日,7920.0
2024-10-31,備品・消耗品費（6225）,ペーパータオル代,3627.0
2024-10-31,備品・消耗品費（6225）,蒸したまご用袋代,13420.0
2024-10-31,備品・消耗品費（6225）,フィルム代,3297.0
2024-10-31,備品・消耗品費（6225）,ソフト用アルコールスプレー代,9075.0
2024-10-31,備品・消耗品費（6225）,ニトリル手袋代,3560.0
2024-10-31,運営管理諸費（6227A）,東芝テックポスレジシステムリース料,87120.0
2024-10-31,運営管理諸費（6227A）,くすもと税理士事務所顧問報酬,55000.0
2024-10-31,施設管理諸費（6227B）,中央警備保障機械警備料,37400.0
2024-10-31,施設管理諸費（6227B）,クリーン・リース代,2662.0
2024-10-31,施設管理諸費（6227B）,塵芥収集運搬料,60500.0
2024-10-31,車両費（6228）,ハイゼットあいおいニッセイ同和損害保険自動車保険料,73200.0
2024-10-31,車両費（6228）,ガソリン代・・・唐津農協厳木SS・・・10月4日,4000.0
2024-10-31,車両費（6228）,ガソリン代・・・唐津農協相知基幹SS・・・10月7日,3000.0
2024-10-31,車両費（6228）,ガソリン代・・・江頭火薬石油・・・10月15日,3000.0
2024-10-31,車両費（6228）,ガソリン代・・・唐津農協厳木SS・・・10月18日,3500.0
2024-10-31,車両費（6228）,ガソリン代・・・唐津農協厳木SS・・・10月25日,3000.0
2024-10-31,車両費（6228）,ガソリン代・・・唐津農協厳木SS・・・10月31日,3500.0
2024-10-31,リース料（6234）,ソフトサーバーリース代(規定損害金),6200.0
2024-10-31,リース料（6234）,ソフトサーバーリース代(新サーバー),28600.0
2024-10-31,リース料（6234）,冷蔵ショーケースリース代,25960.0
2024-10-31,リース料（6234）,店内CM助っ人くんレンタル料,8800.0
2024-10-31,雑費(6231),コカ・コーラ振込手数料・・・10月18日分,660.0
2024-10-31,雑費(6231),JAバンクアンサーサービス手数料,1100.0
2024-10-31,雑費(6231),佐賀富士ベンディング振込手数料,660.0
2024-10-31,雑費(6231),振込手数料（牛津かまぼこ）,440.0
2024-10-31,雑費(6231),振込手数料(ミルン）・・・9月分,275.0
2024-10-31,雑費(6231),振込手数料(七田酒類販売）,880.0
2024-10-31,雑費(6231),電子決済・クレジットカード手数料,79598.0
2024-10-31,雑費(6231),唐津市役所本庁舎駐車場代,400.0
2024-10-31,雑収入（7118）,雇用保険料預り（９月分）,6016.0
2024-11-30,商品売上高（4111）,野菜等,805440.0
2024-11-30,商品売上高（4111）,温泉たまご,116560.0
2024-11-30,商品売上高（4111）,あら塩・灘の塩（食塩）,1620.0
2024-11-30,商品売上高（4111）,オロナミンC,2090.0
2024-11-30,商品売上高（4111）,伊藤園お～いお茶・健康ミネラル麦茶ほか,150200.0
2024-11-30,商品売上高（4111）,黒糖・嬉野茶ドーナツ棒,9960.0
2024-11-30,商品売上高（4111）,白菜浅漬け・なす・きゅうりからし漬けの素,4190.0
2024-11-30,商品売上高（4111）,佐賀県産たまねぎスープ・海苔スープ・たまねぎチップ・佐賀牛ポテトチップ,131980.0
2024-11-30,商品売上高（4111）,天ぷら・ちくわほか,43140.0
2024-11-30,商品売上高（4111）,わさびドレッシング・こいくち醬油・カレーほか,40175.0
2024-11-30,商品売上高（4111）,いきさ屋（豆腐）,108365.0
2024-11-30,商品売上高（4111）,ミルン（ヨーグルト・チーズ・牛乳）,21590.0
2024-11-30,商品売上高（4111）,ソフトクリーム・コーン,922820.0
2024-11-30,商品売上高（4111）,オルゴール（焼き芋・魚ほか）,730855.0
2024-11-30,商品売上高（4111）,牛乳・納豆ほか,27885.0
2024-11-30,商品売上高（4111）,サンレイみかん＆パインほか,29820.0
2024-11-30,商品売上高（4111）,らっきょう酢ほか,29720.0
2024-11-30,商品売上高（4111）,七田酒類（アサヒドライゼロほか）,4300.0
2024-11-30,商品売上高（4111）,小松酒造（甘酒・酒粕）,10800.0
2024-11-30,商品売上高（4111）,マヨネーズ・ソースほか,24615.0
2024-11-30,商品売上高（4111）,マヨネーズ・ソースほか,3216125.0
2024-11-30,商品売上高（4111）,野菜袋（アサヒ）,89955.0
2024-11-30,商品売上高（4111）,中島潔グッズ,53880.0
2024-11-30,商品売上高（4111）,クロネコヤマト宅急便,32300.0
2024-11-30,商品売上高（4111）,宅配料コレクト,5175.0
2024-11-30,商品売上高（4111）,道の駅切符,3420.0
2024-11-30,商品売上高（4111）,連絡線記念指定券,2000.0
2024-11-30,商品売上高（4111）,道の駅スタンプブック,3240.0
2024-11-30,商品売上高（4111）,指定ごみ袋,64200.0
2024-11-30,商品売上高（4111）,粗大ごみ処理券,6720.0
2024-11-30,商品売上高（4111）,チオビタ,5900.0
2024-11-30,商品売上高（4111）,ソフトクリーム用スプーン,1070.0
2024-11-30,商品売上高（4111）,ローソク・線香・マッチ・のし袋・紙コップ類,105.0
2024-11-30,商品売上高（4111）,アルミ保温保冷バッグ,960.0
2024-11-30,商品売上高（4111）,レジ袋,17430.0
2024-11-30,商品売上高（4111）,七田酒類（ビールほか）,85070.0
2024-11-30,商品売上高（4111）,小松酒造（万齢ほか）,98990.0
2024-11-30,商品売上高（4111）,紙管なしロールダブルほか,1870.0
2024-11-30,商品売上高（4111）,たばこ,208140.0
2024-11-30,商品売上高（4111）,ライター・オニヤンマくん,500.0
2024-11-30,商品売上高（4111）,段ボール,3520.0
2024-11-30,商品売上高（4111）,電池,2280.0
2024-11-30,商品売上高（4111）,HB-101,4000.0
2024-11-30,商品売上高（4111）,HB-101,690725.0
2024-11-30,手数料収入（4112）,風のふるさと館委託販売手数料,3215868.0
2024-11-30,その他の収入（4114）,バーコードラベル代金,39281.0
2024-11-30,その他の収入（4114）,コカ・コーラ自販機手数料,79494.0
2024-11-30,その他の収入（4114）,テナント使用料,45250.0
2024-11-30,その他の収入（4114）,団子店頭販売賃借料・・・11月15日,6000.0
2024-11-30,その他の収入（4114）,団子店頭販売賃借料・・・11月18日,6000.0
2024-11-30,その他の収入（4114）,団子店頭販売賃借料・・・11月25日,21000.0
2024-11-30,その他の収入（4114）,カーワックス出店料・・・11月11日,6000.0
2024-11-30,その他の収入（4114）,クレープキッチンカー出店料,3000.0
2024-11-30,商品仕入高（5211）,野菜・・・辻青果,595595.0
2024-11-30,商品仕入高（5211）,たまご,51840.0
2024-11-30,商品仕入高（5211）,温泉たまご用塩代,4795.0
2024-11-30,商品仕入高（5211）,オロナミンC・・・11月22日,1856.0
2024-11-30,商品仕入高（5211）,伊藤園お茶ほか・・・11月11日,3615.0
2024-11-30,商品仕入高（5211）,伊藤園お茶ほか・・・11月18日,6233.0
2024-11-30,商品仕入高（5211）,伊藤園お茶ほか・・・11月25日,23970.0
2024-11-30,商品仕入高（5211）,伊藤園お茶ほか・・・12月2日,22790.0
2024-11-30,商品仕入高（5211）,佐賀牛ポテトチップほか・・・11月5日,38556.0
2024-11-30,商品仕入高（5211）,佐賀牛ポテトチップほか・・・11月22日,24381.0
2024-11-30,商品仕入高（5211）,佐賀牛ポテトチップほか・・・11月29日,86562.0
2024-11-30,商品仕入高（5211）,黒糖ドーナツ棒,17668.0
2024-11-30,商品仕入高（5211）,天ぷら・ちくわほか,40731.0
2024-11-30,商品仕入高（5211）,唐津くんちカレーほか・・・11月8日,37014.0
2024-11-30,商品仕入高（5211）,ジャージーミックスほか,561924.0
2024-11-30,商品仕入高（5211）,ミルン牛乳・ヨーグルトほか,19716.0
2024-11-30,商品仕入高（5211）,焼き芋・魚,598220.0
2024-11-30,商品仕入高（5211）,いきさ屋豆腐,70632.0
2024-11-30,商品仕入高（5211）,ドリンク（ジェイエイビバレッジ）,20477.0
2024-11-30,商品仕入高（5211）,納豆ほか・・・11月5日,5372.0
2024-11-30,商品仕入高（5211）,納豆ほか・・・11月11日,3232.0
2024-11-30,商品仕入高（5211）,納豆ほか・・・11月15日,4771.0
2024-11-30,商品仕入高（5211）,納豆ほか・・・11月22日,4822.0
2024-11-30,商品仕入高（5211）,納豆ほか・・・11月29日,5461.0
2024-11-30,商品仕入高（5211）,もやしほか・・・11月5日,1340.0
2024-11-30,商品仕入高（5211）,もやしほか・・・11月22日,222.0
2024-11-30,商品仕入高（5211）,もやしほか・・・11月25日,667.0
2024-11-30,商品仕入高（5211）,もやしほか・・・12月2日,2134.0
2024-11-30,商品仕入高（5211）,しめじ・・・11月15日,864.0
2024-11-30,商品仕入高（5211）,レタス・・・11月29日,1950.0
2024-11-30,商品仕入高（5211）,甘酒・・・小松酒造,9136.0
2024-11-30,商品仕入高（5211）,うまかっちゃんほか・・・ミゾカミ,54306.0
2024-11-30,商品仕入高（5211）,アサヒドライゼロほか・・・七田酒類販売,6427.0
2024-11-30,商品仕入高（5211）,ほめられ酢ほか,17150.0
2024-11-30,商品仕入高（5211）,ほめられ酢ほか,2344429.0
2024-11-30,商品仕入高（5211）,野菜等袋代・・・アサヒ,318615.0
2024-11-30,商品仕入高（5211）,クロネコヤマト宅急便他運賃料,40359.0
2024-11-30,商品仕入高（5211）,ヤマト運輸振込手数料,550.0
2024-11-30,商品仕入高（5211）,ソフトクリーム用スプーン,9570.0
2024-11-30,商品仕入高（5211）,万齢ほか・・・小松酒造,64790.0
2024-11-30,商品仕入高（5211）,ビールほか・・・七田酒類販売,81708.0
2024-11-30,商品仕入高（5211）,たばこ（ヴァリィベア）・・・11月15日,41070.0
2024-11-30,商品仕入高（5211）,たばこ（ヴァリィベア）・・・11月22日,47734.0
2024-11-30,商品仕入高（5211）,たばこ（ヴァリィベア）・・・11月29日,28984.0
2024-11-30,商品仕入高（5211）,たばこ（ヴァリィベア）・・・11月29日,33494.0
2024-11-30,商品仕入高（5211）,指定ごみ袋,62100.0
2024-11-30,商品仕入高（5211）,粗大ごみ処理券,27000.0
2024-11-30,商品仕入高（5211）,中島潔グッズ,100914.0
2024-11-30,商品仕入高（5211）,道の駅連絡線記念指定券,13000.0
2024-11-30,商品仕入高（5211）,チオビタドリンク・・・11月22日,1396.0
2024-11-30,商品仕入高（5211）,紙管なしロール,5280.0
2024-11-30,商品仕入高（5211）,ホッカイロほか・・・ミゾカミ,8959.0
2024-11-30,商品仕入高（5211）,HB-101,7299.0
2024-11-30,商品仕入高（5211）,HB-101,892822.0
2024-11-30,販売員給与（6111）,パート（９名）,1011352.0
2024-11-30,広告宣伝費（6113）,佐用姫の湯協賛商品券代,5000.0
2024-11-30,役員報酬（6211）,役員給与（１名）,250000.0
2024-11-30,役員報酬（6211）,役員報酬（４名）,280000.0
2024-11-30,従業員給与（6212）,従業員給与（１名）,232839.0
2024-11-30,法定福利費（6312）,唐津社会保険事務所社会保険料・・・給与分,168337.0
2024-11-30,法定福利費（6312）,唐津社会保険事務所社会保険料・・・7月賞与分,131984.0
2024-11-30,厚生費（6226）,特定健診代,1232.0
2024-11-30,修繕費（6216）,漏水修理代,70000.0
2024-11-30,事務用消耗品費（6217）,電子複写機コピー代,4752.0
2024-11-30,通信交通費（6218）,ＮＴＴファイナンス通話料,11620.0
2024-11-30,水道光熱費（6219）,電気料金,436520.0
2024-11-30,租税公課費（6221）,消費税及び地方消費税（中間申告）,872000.0
2024-11-30,接待交際費（6223）,役員花植替え作業お茶ほか代,1680.0
2024-11-30,備品・消耗品費（6225）,トイレットペーパー代・・・11月22日,7920.0
2024-11-30,備品・消耗品費（6225）,トイレットペーパー代・・・11月25日,7920.0
2024-11-30,備品・消耗品費（6225）,トイレットペーパー代・・・11月29日,7920.0
2024-11-30,備品・消耗品費（6225）,ごきぶりホイホイほか代,2204.0
2024-11-30,備品・消耗品費（6225）,ホウ酸ダンゴ代,250.0
2024-11-30,備品・消耗品費（6225）,割り箸代,990.0
2024-11-30,備品・消耗品費（6225）,歩道花飾り用肥料ほか代,8531.0
2024-11-30,備品・消耗品費（6225）,歩道花飾り用プランターほか代,3194.0
2024-11-30,備品・消耗品費（6225）,アースジェットほか代,6298.0
2024-11-30,備品・消耗品費（6225）,はえたたき代,330.0
2024-11-30,備品・消耗品費（6225）,金庫用電池代,140.0
2024-11-30,備品・消耗品費（6225）,トイレマジックリン代,3560.0
2024-11-30,備品・消耗品費（6225）,電池代,140.0
2024-11-30,備品・消耗品費（6225）,営業車用ガラコ代,877.0
2024-11-30,備品・消耗品費（6225）,石鹸代,200.0
2024-11-30,備品・消耗品費（6225）,電子レンジ代,31493.0
2024-11-30,備品・消耗品費（6225）,ニトリル手袋ほか,8830.0
2024-11-30,運営管理諸費（6227A）,東芝テックポスレジシステムリース料,87120.0
2024-11-30,運営管理諸費（6227A）,くすもと税理士事務所顧問報酬,77000.0
2024-11-30,運営管理諸費（6227A）,ハード・ふるさとシステム保守料,675180.0
2024-11-30,施設管理諸費（6227B）,中央警備保障機械警備料,37400.0
2024-11-30,施設管理諸費（6227B）,クリーン・リース代,2662.0
2024-11-30,施設管理諸費（6227B）,塵芥収集運搬料,60500.0
2024-11-30,施設管理諸費（6227B）,水道管増設工事代,50000.0
2024-11-30,施設管理諸費（6227B）,衛生害虫駆除業務,10395.0
2024-11-30,施設管理諸費（6227B）,ボウカシ剪定枝処理業務,42100.0
2024-11-30,施設管理諸費（6227B）,自動ドア保守点検作業費,13200.0
2024-11-30,車両費（6228）,ガソリン代・・・唐津農協厳木SS・・・11月5日,3000.0
2024-11-30,車両費（6228）,ガソリン代・・・江頭火薬石油・・・11月11日,3000.0
2024-11-30,車両費（6228）,ガソリン代・・・唐津農協相知基幹SS・・・11月18日,2000.0
2024-11-30,車両費（6228）,ガソリン代・・・唐津農協厳木SS・・・11月22日,3000.0
2024-11-30,車両費（6228）,ガソリン代・・・唐津農協厳木SS・・・11月25日,2000.0
2024-11-30,車両費（6228）,ガソリン代・・・唐津農協厳木SS・・・11月29日,3000.0
2024-11-30,車両費（6228）,ガソリン代・・・唐津農協相知基幹SS・・・11月29日,3000.0
2024-11-30,車両費（6228）,ハイゼットオイル交換代,6200.0
2024-11-30,リース料（6234）,ソフトサーバーリース代(規定損害金),6200.0
2024-11-30,リース料（6234）,ソフトサーバーリース代(新サーバー),28600.0
2024-11-30,リース料（6234）,冷蔵ショーケースリース代,25960.0
2024-11-30,リース料（6234）,店内CM助っ人くんレンタル料,8800.0
2024-11-30,雑費(6231),コカ・コーラ振込手数料・・・11月18日分,660.0
2024-11-30,雑費(6231),JAバンクアンサーサービス手数料,1100.0
2024-11-30,雑費(6231),振込手数料（牛津かまぼこ）,440.0
2024-11-30,雑費(6231),振込手数料(ミルン）,275.0
2024-11-30,雑費(6231),振込手数料(七田酒類販売）,440.0
2024-11-30,雑費(6231),電子決済・クレジットカード手数料,90587.0
2024-11-30,雑費(6231),振込手数料（電気料金）,440.0
2024-11-30,雑収入（7118）,雇用保険料預り（１０月分）,6498.0
2024-11-30,法人税、住民税及び事業税,佐賀県法人県民税・事業税予定納税,112100.0
2024-11-30,法人税、住民税及び事業税,唐津市法人市民税予定納付,50700.0
2024-11-30,法人税、住民税及び事業税,法人税,306000.0
2024-11-30,法人税、住民税及び事業税,地方法人税,31500.0
2024-12-31,商品売上高（4111）,野菜等,725105.0
2024-12-31,商品売上高（4111）,温泉たまご,98220.0
2024-12-31,商品売上高（4111）,あら塩・灘の塩（食塩）,3810.0
2024-12-31,商品売上高（4111）,オロナミンC,3300.0
2024-12-31,商品売上高（4111）,伊藤園お～いお茶・健康ミネラル麦茶ほか,103480.0
2024-12-31,商品売上高（4111）,黒糖・嬉野茶ドーナツ棒,8850.0
2024-12-31,商品売上高（4111）,白菜浅漬け・なす・きゅうりからし漬けの素,360.0
2024-12-31,商品売上高（4111）,佐賀県産たまねぎスープ・海苔スープ・たまねぎチップ・佐賀牛ポテトチップ,102790.0
2024-12-31,商品売上高（4111）,天ぷら・ちくわほか,52540.0
2024-12-31,商品売上高（4111）,わさびドレッシング・こいくち醬油・カレーほか,31520.0
2024-12-31,商品売上高（4111）,いきさ屋（豆腐）,90355.0
2024-12-31,商品売上高（4111）,ミルン（ヨーグルト・チーズ・牛乳）,11980.0
2024-12-31,商品売上高（4111）,ソフトクリーム・コーン,425580.0
2024-12-31,商品売上高（4111）,オルゴール（焼き芋・魚ほか）,884070.0
2024-12-31,商品売上高（4111）,牛乳・納豆ほか,30345.0
2024-12-31,商品売上高（4111）,サンレイみかん＆パインほか,16710.0
2024-12-31,商品売上高（4111）,らっきょう酢ほか,44760.0
2024-12-31,商品売上高（4111）,七田酒類（アサヒドライゼロほか）,3540.0
2024-12-31,商品売上高（4111）,小松酒造（甘酒・酒粕）,18630.0
2024-12-31,商品売上高（4111）,ミゾカミ（マヨネーズ・ソースほか）,37650.0
2024-12-31,商品売上高（4111）,小餅,67450.0
2024-12-31,商品売上高（4111）,小餅,2761045.0
2024-12-31,商品売上高（4111）,野菜袋（アサヒ）,67035.0
2024-12-31,商品売上高（4111）,中島潔グッズ,46180.0
2024-12-31,商品売上高（4111）,クロネコヤマト宅急便,55570.0
2024-12-31,商品売上高（4111）,宅配料コレクト,1700.0
2024-12-31,商品売上高（4111）,道の駅切符,3240.0
2024-12-31,商品売上高（4111）,連絡線記念指定券,1800.0
2024-12-31,商品売上高（4111）,道の駅スタンプブック,1080.0
2024-12-31,商品売上高（4111）,指定ごみ袋,72900.0
2024-12-31,商品売上高（4111）,粗大ごみ処理券,7290.0
2024-12-31,商品売上高（4111）,チオビタ,3400.0
2024-12-31,商品売上高（4111）,ソフトクリーム用スプーン,200.0
2024-12-31,商品売上高（4111）,ローソク・線香・マッチ・のし袋・紙コップ類,15.0
2024-12-31,商品売上高（4111）,アルミ保温保冷バッグ,320.0
2024-12-31,商品売上高（4111）,レジ袋,14350.0
2024-12-31,商品売上高（4111）,七田酒類（ビールほか）,77335.0
2024-12-31,商品売上高（4111）,小松酒造（万齢ほか）,183070.0
2024-12-31,商品売上高（4111）,紙管なしロールダブルほか,4820.0
2024-12-31,商品売上高（4111）,たばこ,221360.0
2024-12-31,商品売上高（4111）,ライター・オニヤンマくん,1400.0
2024-12-31,商品売上高（4111）,段ボール,6080.0
2024-12-31,商品売上高（4111）,電池・ホッカイロ,2990.0
2024-12-31,商品売上高（4111）,しめ縄,70000.0
2024-12-31,商品売上高（4111）,HB-101,38010.0
2024-12-31,商品売上高（4111）,HB-101,880145.0
2024-12-31,手数料収入（4112）,風のふるさと館委託販売手数料,2895087.0
2024-12-31,その他の収入（4114）,バーコードラベル代金,33514.0
2024-12-31,その他の収入（4114）,コカ・コーラ自販機手数料,77908.0
2024-12-31,その他の収入（4114）,アルミ缶売却料,4000.0
2024-12-31,その他の収入（4114）,佐賀富士ベンディング自販機手数料,162480.0
2024-12-31,その他の収入（4114）,テナント使用料,45250.0
2024-12-31,その他の収入（4114）,テナント電気料,33894.0
2024-12-31,その他の収入（4114）,テナント水道料,40220.0
2024-12-31,その他の収入（4114）,団子店頭販売賃借料・・・12月9日,12000.0
2024-12-31,その他の収入（4114）,団子店頭販売賃借料・・・12月16日,12000.0
2024-12-31,その他の収入（4114）,団子店頭販売賃借料・・・12月23日,6000.0
2024-12-31,その他の収入（4114）,団子店頭販売賃借料・・・12月30日,12000.0
2024-12-31,その他の収入（4114）,佐世保バーガー出店料・・・12月23日,6000.0
2024-12-31,商品仕入高（5211）,野菜・・・辻青果,403464.0
2024-12-31,商品仕入高（5211）,たまご,43200.0
2024-12-31,商品仕入高（5211）,オロナミンC・・・12月9日,3472.0
2024-12-31,商品仕入高（5211）,伊藤園お茶ほか・・・12月9日,17187.0
2024-12-31,商品仕入高（5211）,伊藤園お茶ほか・・・12月16日,16015.0
2024-12-31,商品仕入高（5211）,伊藤園お茶ほか・・・12月23日,29646.0
2024-12-31,商品仕入高（5211）,伊藤園お茶ほか・・・12月30日,51449.0
2024-12-31,商品仕入高（5211）,佐賀牛ポテトチップほか・・・12月6日,44793.0
2024-12-31,商品仕入高（5211）,佐賀たまねぎポテトチップほか・・・12月23日,17577.0
2024-12-31,商品仕入高（5211）,天ぷら・ちくわほか,45290.0
2024-12-31,商品仕入高（5211）,わさびドレッシングほか・・・12月6日,9720.0
2024-12-31,商品仕入高（5211）,わさびドレッシングほか・・・12月23日,14774.0
2024-12-31,商品仕入高（5211）,ジャージーミックスほか,299629.0
2024-12-31,商品仕入高（5211）,ミルン牛乳・ヨーグルトほか,7395.0
2024-12-31,商品仕入高（5211）,焼き芋・魚,794329.0
2024-12-31,商品仕入高（5211）,いきさ屋豆腐,72677.0
2024-12-31,商品仕入高（5211）,ドリンク（ジェイエイビバレッジ）,30910.0
2024-12-31,商品仕入高（5211）,納豆ほか・・・12月6日,4469.0
2024-12-31,商品仕入高（5211）,納豆ほか・・・12月13日,6180.0
2024-12-31,商品仕入高（5211）,納豆ほか・・・12月20日,7499.0
2024-12-31,商品仕入高（5211）,納豆ほか・・・12月27日,8462.0
2024-12-31,商品仕入高（5211）,もやしほか・・・12月9日,1253.0
2024-12-31,商品仕入高（5211）,もやしほか・・・12月23日,764.0
2024-12-31,商品仕入高（5211）,もやしほか・・・12月27日,1671.0
2024-12-31,商品仕入高（5211）,すしあげ・・・12月16日,665.0
2024-12-31,商品仕入高（5211）,甘酒・・・小松酒造,12440.0
2024-12-31,商品仕入高（5211）,うまかっちゃんほか・・・ミゾカミ,16647.0
2024-12-31,商品仕入高（5211）,テンザンサイダー・・・七田酒類販売,3369.0
2024-12-31,商品仕入高（5211）,三温糖ほか,41280.0
2024-12-31,商品仕入高（5211）,三温糖ほか,2006226.0
2024-12-31,商品仕入高（5211）,野菜等袋代・・・アサヒ,33836.0
2024-12-31,商品仕入高（5211）,クロネコヤマト宅急便他運賃料,51029.0
2024-12-31,商品仕入高（5211）,ヤマト運輸振込手数料,400.0
2024-12-31,商品仕入高（5211）,万齢ほか・・・小松酒造,145603.0
2024-12-31,商品仕入高（5211）,ビールほか・・・七田酒類販売,71967.0
2024-12-31,商品仕入高（5211）,たばこ（ヴァリィベア）・・・12月16日,46919.0
2024-12-31,商品仕入高（5211）,たばこ（ヴァリィベア）・・・12月20日,40294.0
2024-12-31,商品仕入高（5211）,たばこ（ヴァリィベア）・・・12月27日,32941.0
2024-12-31,商品仕入高（5211）,たばこ（ヴァリィベア）・・・1月10日,44552.0
2024-12-31,商品仕入高（5211）,指定ごみ袋,96300.0
2024-12-31,商品仕入高（5211）,チオビタドリンク・・・12月9日,4188.0
2024-12-31,商品仕入高（5211）,しめ縄,44000.0
2024-12-31,商品仕入高（5211）,HB-101,27048.0
2024-12-31,商品仕入高（5211）,HB-101,639077.0
2024-12-31,販売員給与（6111）,パート（９名）,1040555.0
2024-12-31,事業費（6116T）,感謝祭時もち米代,22000.0
2024-12-31,事業費（6116T）,感謝祭餅用フードパック代,2040.0
2024-12-31,事業費（6116T）,感謝祭時ぜんざい用小豆代,1300.0
2024-12-31,事業費（6116T）,感謝祭用ゴムバンドほか代,775.0
2024-12-31,事業費（6116T）,感謝祭景品代,6524.0
2024-12-31,事業費（6116T）,感謝祭景品スリッパ代,3960.0
2024-12-31,事業費（6116T）,感謝祭用ガスボンベ代,2296.0
2024-12-31,事業費（6116T）,感謝祭景品お米代,9000.0
2024-12-31,事業費（6116T）,感謝祭用塩ほか代,655.0
2024-12-31,事業費（6116T）,感謝祭ぜんざい用小豆代,1500.0
2024-12-31,事業費（6116T）,感謝祭時協力者昼食代,18000.0
2024-12-31,事業費（6116T）,感謝祭景品用みかん代,8400.0
2024-12-31,事業費（6116T）,感謝祭景品用万齢代,6930.0
2024-12-31,事業費（6116T）,感謝祭紅白餅用食紅代,100.0
2024-12-31,事業費（6116T）,感謝祭餅用ポリ袋代,242.0
2024-12-31,事業費（6116T）,感謝祭餅用ポリ袋代,206.0
2024-12-31,事業費（6116T）,感謝祭用ウレタン手袋代,880.0
2024-12-31,事業費（6116T）,感謝祭広告折込代,3762.0
2024-12-31,事業費（6116T）,感謝祭協力者昼食代,5000.0
2024-12-31,事業費（6116T）,感謝祭ガス・コンロ貸出料,10010.0
2024-12-31,事業費（6116T）,エフエム佐賀CMスポット電波料,110000.0
2024-12-31,事業費（6116T）,感謝祭ぜんざい用どんぶり代,3872.0
2024-12-31,役員報酬（6211）,役員給与（１名）,250000.0
2024-12-31,役員報酬（6211）,役員賞与（１名）,250000.0
2024-12-31,従業員給与（6212）,従業員給与（１名）,226285.0
2024-12-31,従業員賞与（6213）,従業員賞与（１名）,260000.0
2024-12-31,販売員賞与（6213）,パート賞与（９名）,839500.0
2024-12-31,法定福利費（6312）,唐津社会保険事務所社会保険料・・・給与分,168337.0
2024-12-31,厚生費（6226）,生活習慣病予防健診代,2673.0
2024-12-31,厚生費（6226）,インフルエンザ予防接種代,29500.0
2024-12-31,事務用消耗品費（6217）,電子複写機コピー代,7778.0
2024-12-31,事務用消耗品費（6217）,ラミネートフィルム代,968.0
2024-12-31,通信交通費（6218）,ＮＴＴファイナンス通話料,11286.0
2024-12-31,水道光熱費（6219）,電気料金,364691.0
2024-12-31,水道光熱費（6219）,水道料金,85177.0
2024-12-31,接待交際費（6223）,九州・沖縄道の駅連絡会意見交換会会費,6000.0
2024-12-31,備品・消耗品費（6225）,トイレットペーパー代・・・12月6日,7920.0
2024-12-31,備品・消耗品費（6225）,トイレットペーパー代・・・12月13日,7920.0
2024-12-31,備品・消耗品費（6225）,トイレットペーパー代・・・12月20日,7920.0
2024-12-31,備品・消耗品費（6225）,トイレットペーパー代・・・12月30日,7920.0
2024-12-31,備品・消耗品費（6225）,仕入れ野菜袋詰め用野菜袋代,13445.0
2024-12-31,備品・消耗品費（6225）,ハンドソープ詰替え代,972.0
2024-12-31,備品・消耗品費（6225）,ハンドラベラーインクローラー代,1760.0
2024-12-31,備品・消耗品費（6225）,ペーパータオルほか代,4871.0
2024-12-31,備品・消耗品費（6225）,レジロール紙代,19360.0
2024-12-31,備品・消耗品費（6225）,サランラップほか代,33831.0
2024-12-31,運営管理諸費（6227A）,東芝テックポスレジシステムリース料,87120.0
2024-12-31,運営管理諸費（6227A）,くすもと税理士事務所顧問報酬,55000.0
2024-12-31,施設管理諸費（6227B）,中央警備保障機械警備料,37400.0
2024-12-31,施設管理諸費（6227B）,クリーン・リース代,2662.0
2024-12-31,施設管理諸費（6227B）,塵芥収集運搬料,60500.0
2024-12-31,施設管理諸費（6227B）,浄化槽法定検査手数料,8000.0
2024-12-31,車両費（6228）,ガソリン代・・・唐津農協厳木SS・・・12月6日,3000.0
2024-12-31,車両費（6228）,ガソリン代・・・唐津農協相知基幹SS・・・12月13日,3000.0
2024-12-31,車両費（6228）,ガソリン代・・・江頭火薬石油・・・12月16日,3000.0
2024-12-31,車両費（6228）,ガソリン代・・・唐津農協厳木SS・・・12月20日,3440.0
2024-12-31,車両費（6228）,ガソリン代・・・唐津農協厳木SS・・・12月27日,4000.0
2024-12-31,車両費（6228）,ガソリン代・・・唐津農協厳木SS・・・12月30日,3947.0
2024-12-31,車両費（6228）,スタッドレスタイヤ代,59760.0
2024-12-31,リース料（6234）,ソフトサーバーリース代(規定損害金),6200.0
2024-12-31,リース料（6234）,ソフトサーバーリース代(新サーバー),28600.0
2024-12-31,リース料（6234）,冷蔵ショーケースリース代,25960.0
2024-12-31,リース料（6234）,店内CM助っ人くんレンタル料,8800.0
2024-12-31,雑費(6231),コカ・コーラ振込手数料・・・12月18日分,660.0
2024-12-31,雑費(6231),JAバンクアンサーサービス手数料,1100.0
2024-12-31,雑費(6231),振込手数料（牛津かまぼこ）,440.0
2024-12-31,雑費(6231),振込手数料(ミルン）,275.0
2024-12-31,雑費(6231),振込手数料(東芝テック）,440.0
2024-12-31,雑費(6231),振込手数料(東芝テック）,275.0
2024-12-31,雑費(6231),振込手数料(七田酒類販売）,880.0
2024-12-31,雑費(6231),電子決済・クレジットカード手数料,98441.0
2024-12-31,雑費(6231),振込手数料（道の駅ネットワーク）,275.0
2024-12-31,雑費(6231),神宮大麻・天山神社御神札・符料,2200.0
2024-12-31,雑費(6231),振込手数料（佐賀新聞）,275.0
2024-12-31,雑収入（7118）,雇用保険料預り（１１月分）,6368.0
2024-12-31,雑収入（7118）,雇用保険料預り（賞与分）,6132.0
2024-12-31,雑収入（7118）,振込手数料差額分,165.0
2025-02-28,商品売上高（4111）,野菜等,709942.0
2025-02-28,商品売上高（4111）,温泉たまご,85080.0
2025-02-28,商品売上高（4111）,あら塩・灘の塩（食塩）,1150.0
2025-02-28,商品売上高（4111）,オロナミンC,3190.0
2025-02-28,商品売上高（4111）,伊藤園（お～いお茶・健康ミネラル麦茶ほか）,88250.0
2025-02-28,商品売上高（4111）,黒糖・嬉野茶ドーナツ棒,11690.0
2025-02-28,商品売上高（4111）,白菜浅漬け・なす・きゅうりからし漬けの素,2750.0
2025-02-28,商品売上高（4111）,東津商店（たまねぎチップ・佐賀牛ポテトチップほか）,88880.0
2025-02-28,商品売上高（4111）,牛津蒲鉾（天ぷら・ちくわほか）,41000.0
2025-02-28,商品売上高（4111）,宮島醬油（わさびドレッシング・カレーほか）,19750.0
2025-02-28,商品売上高（4111）,いきさ屋（豆腐・おから）,77880.0
2025-02-28,商品売上高（4111）,ミルン（ヨーグルト・チーズ・牛乳）,4255.0
2025-02-28,商品売上高（4111）,ソフトクリーム・コーン,461600.0
2025-02-28,商品売上高（4111）,五時の芋（焼き芋・魚ほか）,719428.0
2025-02-28,商品売上高（4111）,牛乳・納豆ほか,30405.0
2025-02-28,商品売上高（4111）,ジェイエイビバレッジ（みかん＆パインほか）,11330.0
2025-02-28,商品売上高（4111）,らっきょう酢ほか,16230.0
2025-02-28,商品売上高（4111）,七田酒類（アサヒドライゼロほか）,4160.0
2025-02-28,商品売上高（4111）,小松酒造（甘酒・酒粕）,11880.0
2025-02-28,商品売上高（4111）,ミゾカミ（マヨネーズ・ソースほか）,27920.0
2025-02-28,商品売上高（4111）,厳木産焼き芋,9970.0
2025-02-28,商品売上高（4111）,厳木産焼き芋,2426740.0
2025-02-28,商品売上高（4111）,野菜袋（アサヒ）,20240.0
2025-02-28,商品売上高（4111）,中島潔グッズ,1060.0
2025-02-28,商品売上高（4111）,クロネコヤマト宅急便,5550.0
2025-02-28,商品売上高（4111）,宅配料コレクト,2250.0
2025-02-28,商品売上高（4111）,道の駅切符,540.0
2025-02-28,商品売上高（4111）,連絡線記念指定券,600.0
2025-02-28,商品売上高（4111）,指定ごみ袋,45200.0
2025-02-28,商品売上高（4111）,粗大ごみ処理券,4160.0
2025-02-28,商品売上高（4111）,チオビタ,2400.0
2025-02-28,商品売上高（4111）,ソフトクリーム用スプーン,250.0
2025-02-28,商品売上高（4111）,ローソク・線香・マッチ・のし袋・紙コップ類,50.0
2025-02-28,商品売上高（4111）,アルミ保温保冷バッグ,480.0
2025-02-28,商品売上高（4111）,レジ袋,11000.0
2025-02-28,商品売上高（4111）,七田酒類（ビールほか）,58060.0
2025-02-28,商品売上高（4111）,小松酒造（万齢ほか）,102760.0
2025-02-28,商品売上高（4111）,紙管なしロールダブルほか,3530.0
2025-02-28,商品売上高（4111）,たばこ,188490.0
2025-02-28,商品売上高（4111）,ライター・オニヤンマくん,600.0
2025-02-28,商品売上高（4111）,段ボール,220.0
2025-02-28,商品売上高（4111）,ミゾカミ（電池・ホッカイロ）,1390.0
2025-02-28,商品売上高（4111）,HB-101,1830.0
2025-02-28,商品売上高（4111）,HB-101,450660.0
2025-02-28,手数料収入（4112）,風のふるさと館委託販売手数料,2087812.0
2025-02-28,その他の収入（4114）,バーコードラベル代金,21251.0
2025-02-28,その他の収入（4114）,コカ・コーラ自販機手数料,67839.0
2025-02-28,その他の収入（4114）,アルミ缶売却料,8100.0
2025-02-28,その他の収入（4114）,テナント使用料,45250.0
2025-02-28,その他の収入（4114）,テナント電気料,45048.0
2025-02-28,その他の収入（4114）,テナント水道料,34660.0
2025-02-28,その他の収入（4114）,団子店頭販売賃借料・・・2月3日,6000.0
2025-02-28,その他の収入（4114）,団子店頭販売賃借料・・・2月7日,3000.0
2025-02-28,その他の収入（4114）,団子店頭販売賃借料・・・2月14日,15000.0
2025-02-28,その他の収入（4114）,団子店頭販売賃借料・・・2月17日,6000.0
2025-02-28,その他の収入（4114）,カーワックス出店料,9000.0
2025-02-28,商品仕入高（5211）,野菜・・・辻青果,564437.0
2025-02-28,商品仕入高（5211）,たまご,38880.0
2025-02-28,商品仕入高（5211）,伊藤園お茶ほか・・・2月10日,14804.0
2025-02-28,商品仕入高（5211）,伊藤園お茶ほか・・・2月17日,5760.0
2025-02-28,商品仕入高（5211）,伊藤園お茶ほか・・・2月25日,15266.0
2025-02-28,商品仕入高（5211）,伊藤園お茶ほか・・・3月3日,20336.0
2025-02-28,商品仕入高（5211）,佐賀牛ポテトチップほか・・・2月17日,34209.0
2025-02-28,商品仕入高（5211）,佐賀海苔スープほか・・・2月28日,56700.0
2025-02-28,商品仕入高（5211）,黒糖ドーナツ棒,17668.0
2025-02-28,商品仕入高（5211）,天ぷら・ちくわほか,37123.0
2025-02-28,商品仕入高（5211）,ブラックモンブランカレーほか・・・2月7日,19915.0
2025-02-28,商品仕入高（5211）,わさびドレッシングほか・・・2月28日,12301.0
2025-02-28,商品仕入高（5211）,ジャージーミックスほか,379965.0
2025-02-28,商品仕入高（5211）,焼き芋・魚ほか（五時の芋）,553586.0
2025-02-28,商品仕入高（5211）,豆腐・おから（いきさ屋）,65712.0
2025-02-28,商品仕入高（5211）,焼き芋用さつまいも（厳木町活性化会議）,3000.0
2025-02-28,商品仕入高（5211）,納豆ほか・・・2月7日,1816.0
2025-02-28,商品仕入高（5211）,納豆ほか・・・2月21日,4759.0
2025-02-28,商品仕入高（5211）,納豆ほか・・・2月25日,2608.0
2025-02-28,商品仕入高（5211）,納豆ほか・・・2月28日,3456.0
2025-02-28,商品仕入高（5211）,もやしほか・・・2月10日,3329.0
2025-02-28,商品仕入高（5211）,もやしほか・・・2月14日,5168.0
2025-02-28,商品仕入高（5211）,もやしほか・・・3月3日,3539.0
2025-02-28,商品仕入高（5211）,菌床しいたけ・・・2月25日,170.0
2025-02-28,商品仕入高（5211）,甘酒（小松酒造）,7776.0
2025-02-28,商品仕入高（5211）,うまかっちゃんほか（ミゾカミ）,19337.0
2025-02-28,商品仕入高（5211）,アサヒドライゼロ（七田酒類販売）,4431.0
2025-02-28,商品仕入高（5211）,らっきょう酢ほか,16535.0
2025-02-28,商品仕入高（5211）,らっきょう酢ほか,1912586.0
2025-02-28,商品仕入高（5211）,クロネコヤマト宅急便他運賃料,6006.0
2025-02-28,商品仕入高（5211）,ヤマト運輸振込手数料,400.0
2025-02-28,商品仕入高（5211）,万齢ほか（小松酒造）,75725.0
2025-02-28,商品仕入高（5211）,ビールほか（七田酒類販売）,49512.0
2025-02-28,商品仕入高（5211）,たばこ（ヴァリィベア）・・・2月7日,33581.0
2025-02-28,商品仕入高（5211）,たばこ（ヴァリィベア）・・・2月14日,37413.0
2025-02-28,商品仕入高（5211）,たばこ（ヴァリィベア）・・・2月28日,42098.0
2025-02-28,商品仕入高（5211）,たばこ（ヴァリィベア）・・・3月7日,37743.0
2025-02-28,商品仕入高（5211）,指定ごみ袋,54000.0
2025-02-28,商品仕入高（5211）,粗大ごみ処理券,4500.0
2025-02-28,商品仕入高（5211）,バーコードラベル代,132000.0
2025-02-28,商品仕入高（5211）,ホッカイロほか（ミゾカミ）,6905.0
2025-02-28,商品仕入高（5211）,ホッカイロほか（ミゾカミ）,479883.0
2025-02-28,販売員給与（6111）,パート（９名）,1030433.0
2025-02-28,役員報酬（6211）,役員給与（１名）,250000.0
2025-02-28,従業員給与（6212）,従業員給与（１名）,226518.0
2025-02-28,法定福利費（6312）,唐津社会保険事務所社会保険料・・・給与分,160773.0
2025-02-28,事務用消耗品費（6217）,電子複写機コピー代,17458.0
2025-02-28,事務用消耗品費（6217）,色上質紙代,2640.0
2025-02-28,事務用消耗品費（6217）,ドッチファイル代,6270.0
2025-02-28,通信交通費（6218）,ＮＴＴファイナンス通話料,10634.0
2025-02-28,水道光熱費（6219）,電気料金,329958.0
2025-02-28,水道光熱費（6219）,水道料金,57677.0
2025-02-28,接待交際費（6223）,役員会飲み物代,800.0
2025-02-28,備品・消耗品費（6225）,トイレットペーパー代・・・2月17日,7920.0
2025-02-28,備品・消耗品費（6225）,トイレットペーパー代・・・2月28日,7920.0
2025-02-28,備品・消耗品費（6225）,蒸したまご用セイロスダレ代,3282.0
2025-02-28,備品・消耗品費（6225）,値引きシール代,820.0
2025-02-28,備品・消耗品費（6225）,営業車用スマホホルダー代,1459.0
2025-02-28,備品・消耗品費（6225）,ソフト用アルコールスプレー代,5445.0
2025-02-28,運営管理諸費（6227A）,東芝テックポスレジシステムリース料,87120.0
2025-02-28,運営管理諸費（6227A）,くすもと税理士事務所顧問報酬,55000.0
2025-02-28,施設管理諸費（6227B）,中央警備保障機械警備料,37400.0
2025-02-28,施設管理諸費（6227B）,クリーン・リース代・・・1月分,2662.0
2025-02-28,施設管理諸費（6227B）,クリーン・リース代・・・2月分,2662.0
2025-02-28,施設管理諸費（6227B）,塵芥収集運搬料,60500.0
2025-02-28,施設管理諸費（6227B）,空調点検後期,91300.0
2025-02-28,施設管理諸費（6227B）,浄化槽維持管理業務,199623.0
2025-02-28,施設管理諸費（6227B）,衛生害虫駆除業務,10395.0
2025-02-28,車両費（6228）,ガソリン代・・・唐津農協厳木SS・・・2月7日,3000.0
2025-02-28,車両費（6228）,ガソリン代・・・唐津農協厳木SS・・・2月14日,3000.0
2025-02-28,車両費（6228）,ガソリン代・・・唐津農協相知基幹SS・・・2月21日,3000.0
2025-02-28,車両費（6228）,ガソリン代・・・江頭火薬石油・・・2月21日,3000.0
2025-02-28,車両費（6228）,ガソリン代・・・唐津農協厳木SS・・・2月28日,3000.0
2025-02-28,リース料（6234）,ソフトサーバーリース代(規定損害金),6200.0
2025-02-28,リース料（6234）,ソフトサーバーリース代(新サーバー),28600.0
2025-02-28,リース料（6234）,冷蔵ショーケースリース代,25960.0
2025-02-28,リース料（6234）,店内CM助っ人くんレンタル料,8800.0
2025-02-28,リース料（6234）,デジタル複合機リース代,9680.0
2025-02-28,会費（6313）,九州沖縄道の駅連絡会駅長会年会費,40000.0
2025-02-28,雑費(6231),コカ・コーラ振込手数料・・・2月18日分,660.0
2025-02-28,雑費(6231),JAバンクアンサーサービス手数料,1100.0
2025-02-28,雑費(6231),振込手数料（牛津かまぼこ）,440.0
2025-02-28,雑費(6231),振込手数料(ミルン）,275.0
2025-02-28,雑費(6231),振込手数料(東芝テック）,275.0
2025-02-28,雑費(6231),振込手数料(七田酒類販売）,660.0
2025-02-28,雑費(6231),電子決済・クレジットカード手数料,67613.0
2025-02-28,雑費(6231),牧瀬区賦課金,9300.0
2025-02-28,雑費(6231),印鑑証明書代,900.0
2025-02-28,受取利息割引料,預金利息・・・風のふるさと館,4655.0
2025-02-28,受取利息割引料,貯金利息・・・日々売上,4534.0
2025-02-28,受取利息割引料,貯金利息・・・釣銭両替,64.0
2025-02-28,雑収入（7118）,雇用保険料預り（１月分）,6418.0
